school,nodes,attribute,r,labelled_share
Caltech36,769,degree,-0.06527295119482618,1.0
Caltech36,769,dorm,0.44857518574864474,0.776332899869961
Caltech36,769,dorm (legacy label),0.010674575827566486,1.0
Caltech36,769,dorm (missing counted),0.3491531008726444,1.0
Caltech36,769,gender,0.05391929874605989,0.9141742522756827
Caltech36,769,high_school,0.0021084552740693397,0.8257477243172952
Caltech36,769,major,0.03818109179709304,0.8998699609882965
Caltech36,769,minor,0.003775420606384374,0.25487646293888166
Caltech36,769,status,0.24407936743342082,1.0
Caltech36,769,year,0.2694045682819856,0.8517555266579974
Caltech36,769,year (legacy label),0.3491531008726444,1.0
Caltech36,769,year (missing counted),0.2375319048128821,1.0
Reed98,962,degree,0.023433911766300768,1.0
Reed98,962,dorm,0.13295037965832557,0.527027027027027
Reed98,962,dorm (legacy label),0.0076469596258398565,1.0
Reed98,962,dorm (missing counted),0.14559977311086097,1.0
Reed98,962,gender,0.021902608883141737,0.8991683991683992
Reed98,962,high_school,0.0032332741289050194,0.7858627858627859
Reed98,962,major,0.04723252227314708,0.840956340956341
Reed98,962,minor,0.006649302027173515,0.3908523908523909
Reed98,962,status,0.26233690040874685,1.0
Reed98,962,year,0.3474777546566158,0.8492723492723493
Reed98,962,year (legacy label),0.14559977311086097,1.0
Reed98,962,year (missing counted),0.27209370622265433,1.0
Haverford76,1446,degree,0.06749211773411307,1.0
Haverford76,1446,dorm,0.12562905214744255,0.710926694329184
Haverford76,1446,dorm (legacy label),0.01260421218552192,1.0
Haverford76,1446,dorm (missing counted),0.12501507074129053,1.0
Haverford76,1446,gender,0.06427169509822774,0.9336099585062241
Haverford76,1446,high_school,0.005221017610902961,0.8838174273858921
Haverford76,1446,major,0.032047655539602114,0.760027662517289
Haverford76,1446,minor,0.014284258257129846,0.5027662517289073
Haverford76,1446,status,0.3840867829482042,0.9993084370677732
Haverford76,1446,year,0.3963557526526419,0.9273858921161826
Haverford76,1446,year (legacy label),0.12501507074129053,1.0
Haverford76,1446,year (missing counted),0.35932134619933037,1.0
Simmons81,1518,degree,-0.061966981008914956,1.0
Simmons81,1518,dorm,0.1868789081497903,0.5652173913043478
Simmons81,1518,dorm (legacy label),0.026135128034812247,1.0
Simmons81,1518,dorm (missing counted),0.16773118628478936,1.0
Simmons81,1518,gender,0.007858881736022005,0.9367588932806324
Simmons81,1518,high_school,0.014087073174860631,0.8880105401844532
Simmons81,1518,major,0.06974427311615389,0.8919631093544137
Simmons81,1518,minor,0.02055270957058961,0.5428194993412385
Simmons81,1518,status,0.3186088454837625,1.0
Simmons81,1518,year,0.5313264778903599,0.8952569169960475
Simmons81,1518,year (legacy label),0.16773118628478936,1.0
Simmons81,1518,year (missing counted),0.46355068368188795,1.0
Swarthmore42,1659,degree,0.06096713581228899,1.0
Swarthmore42,1659,dorm,0.1124985730033906,0.6955997588908981
Swarthmore42,1659,dorm (legacy label),0.016251974578053788,1.0
Swarthmore42,1659,dorm (missing counted),0.10282092471247319,1.0
Swarthmore42,1659,gender,0.06625413113079441,0.9168173598553345
Swarthmore42,1659,high_school,0.003213294016016152,0.8251959011452682
Swarthmore42,1659,major,0.04292812623329595,0.8270042194092827
Swarthmore42,1659,minor,0.01681356949394241,0.6401446654611211
Swarthmore42,1659,status,0.3469939429084528,1.0
Swarthmore42,1659,year,0.3709921776748114,0.9264617239300783
Swarthmore42,1659,year (legacy label),0.10282092471247319,1.0
Swarthmore42,1659,year (missing counted),0.33571307628409564,1.0
Amherst41,2235,degree,0.058428389172126435,1.0
Amherst41,2235,dorm,0.07938989420660876,0.5771812080536913
Amherst41,2235,dorm (legacy label),0.012394674680056238,1.0
Amherst41,2235,dorm (missing counted),0.0748142554810277,1.0
Amherst41,2235,gender,0.059761901624639645,0.90917225950783
Amherst41,2235,high_school,0.009651498879737206,0.876062639821029
Amherst41,2235,major,0.03249374698037833,0.7395973154362416
Amherst41,2235,minor,0.02277740157420632,0.3870246085011186
Amherst41,2235,status,0.4034107230365705,1.0
Amherst41,2235,year,0.46484402013541576,0.9042505592841164
Amherst41,2235,year (legacy label),0.0748142554810277,1.0
Amherst41,2235,year (missing counted),0.4088224650987769,1.0
Bowdoin47,2252,degree,0.056204574545372116,1.0
Bowdoin47,2252,dorm,0.11211255720172775,0.6993783303730018
Bowdoin47,2252,dorm (legacy label),0.035363204247583505,1.0
Bowdoin47,2252,dorm (missing counted),0.10032165038531402,1.0
Bowdoin47,2252,gender,0.04272755714219762,0.9116341030195382
Bowdoin47,2252,high_school,0.01336172835271991,0.8681172291296625
Bowdoin47,2252,major,0.03199339064832753,0.7273534635879219
Bowdoin47,2252,minor,0.017229894523972045,0.5692717584369449
Bowdoin47,2252,status,0.4052812511668587,0.9995559502664298
Bowdoin47,2252,year,0.5138535273530358,0.9089698046181173
Bowdoin47,2252,year (legacy label),0.10032165038531402,1.0
Bowdoin47,2252,year (missing counted),0.4504860648099315,1.0
Hamilton46,2314,degree,0.030593670854008097,1.0
Hamilton46,2314,dorm,0.11160513094436388,0.6810717372515125
Hamilton46,2314,dorm (legacy label),0.012669038695503518,1.0
Hamilton46,2314,dorm (missing counted),0.10509474528958694,1.0
Hamilton46,2314,gender,0.09174963189357141,0.9209161624891962
Hamilton46,2314,high_school,0.010437391692210397,0.8681936041486603
Hamilton46,2314,major,0.03280025596354662,0.7662057044079515
Hamilton46,2314,minor,0.018188867939456496,0.48098530682800344
Hamilton46,2314,status,0.3464418209816557,1.0
Hamilton46,2314,year,0.4516511447076475,0.9152981849611063
Hamilton46,2314,year (legacy label),0.10509474528958694,1.0
Hamilton46,2314,year (missing counted),0.402291535417275,1.0
Trinity100,2613,degree,0.07190565373550688,1.0
Trinity100,2613,dorm,0.10577245645765113,0.669345579793341
Trinity100,2613,dorm (legacy label),0.023273190167738135,1.0
Trinity100,2613,dorm (missing counted),0.1088391091475132,1.0
Trinity100,2613,gender,0.05201240841770932,0.9085342518178339
Trinity100,2613,high_school,0.016130061044031627,0.8813624186758515
Trinity100,2613,major,0.05044086489981505,0.7336394948335246
Trinity100,2613,minor,0.018785387175646685,0.37083811710677383
Trinity100,2613,status,0.3819620060272267,0.9996172981247609
Trinity100,2613,year,0.5078984939164639,0.9196326061997704
Trinity100,2613,year (legacy label),0.1088391091475132,1.0
Trinity100,2613,year (missing counted),0.4529711537362037,1.0
USFCA72,2682,degree,0.09189482945827206,1.0
USFCA72,2682,dorm,0.26236603277605086,0.5391498881431768
USFCA72,2682,dorm (legacy label),0.024658630616505677,1.0
USFCA72,2682,dorm (missing counted),0.19669287596996518,1.0
USFCA72,2682,gender,0.0240138480970258,0.9347501864280388
USFCA72,2682,high_school,0.025865047903592713,0.8497390007457122
USFCA72,2682,major,0.08176294127200644,0.8691275167785235
USFCA72,2682,minor,0.03109442695849145,0.36651752423564504
USFCA72,2682,status,0.21235924233666575,0.9992542878448919
USFCA72,2682,year,0.4750638835139265,0.8460104399701716
USFCA72,2682,year (legacy label),0.19669287596996518,1.0
USFCA72,2682,year (missing counted),0.3636929074478841,1.0
Williams40,2790,degree,0.04036915537628097,1.0
Williams40,2790,dorm,0.125024723379373,0.6537634408602151
Williams40,2790,dorm (legacy label),0.017272563234073047,1.0
Williams40,2790,dorm (missing counted),0.12054782457185409,1.0
Williams40,2790,gender,0.07063554100300916,0.9082437275985663
Williams40,2790,high_school,0.011861693427711475,0.8566308243727598
Williams40,2790,major,0.03403793840430522,0.7473118279569892
Williams40,2790,minor,0.018421477118156414,0.42007168458781363
Williams40,2790,status,0.46098340306329505,0.9996415770609319
Williams40,2790,year,0.5096079943409293,0.8956989247311828
Williams40,2790,year (legacy label),0.12054782457185409,1.0
Williams40,2790,year (missing counted),0.44672092392035034,1.0
Oberlin44,2920,degree,0.05008017692087808,1.0
Oberlin44,2920,dorm,0.1462782615637004,0.5616438356164384
Oberlin44,2920,dorm (legacy label),0.014869503786844242,1.0
Oberlin44,2920,dorm (missing counted),0.14980232456217796,1.0
Oberlin44,2920,gender,0.020251463652200447,0.9068493150684932
Oberlin44,2920,high_school,0.011914680693737275,0.810958904109589
Oberlin44,2920,major,0.10920256899115707,0.8321917808219178
Oberlin44,2920,minor,0.015014151796616209,0.5356164383561643
Oberlin44,2920,status,0.23029942955183516,0.9996575342465753
Oberlin44,2920,year,0.3354710814817945,0.8493150684931506
Oberlin44,2920,year (legacy label),0.14980232456217796,1.0
Oberlin44,2920,year (missing counted),0.26370021194876836,1.0
Smith60,2970,degree,0.043617207849999215,1.0
Smith60,2970,dorm,0.3056246698129733,0.8353535353535354
Smith60,2970,dorm (legacy label),0.013517655289482922,1.0
Smith60,2970,dorm (missing counted),0.24251985865351586,1.0
Smith60,2970,gender,0.02521526179122295,0.8865319865319865
Smith60,2970,high_school,0.00934115246283897,0.8427609427609427
Smith60,2970,major,0.05337134751571931,0.834006734006734
Smith60,2970,minor,0.023540478257826444,0.5131313131313131
Smith60,2970,status,0.2664929930136804,0.997979797979798
Smith60,2970,year,0.32133391836372344,0.9124579124579124
Smith60,2970,year (legacy label),0.24251985865351586,1.0
Smith60,2970,year (missing counted),0.27975120053513636,1.0
Wellesley22,2970,degree,0.06425328627689754,1.0
Wellesley22,2970,dorm,0.12411629890033173,0.6760942760942761
Wellesley22,2970,dorm (legacy label),0.015102065276238528,1.0
Wellesley22,2970,dorm (missing counted),0.10228736377950814,1.0
Wellesley22,2970,gender,0.24611964913120596,0.9067340067340067
Wellesley22,2970,high_school,0.011628322278033554,0.8131313131313131
Wellesley22,2970,major,0.03652797079292531,0.7976430976430976
Wellesley22,2970,minor,0.023544416181171188,0.5326599326599326
Wellesley22,2970,status,0.42148919501524257,1.0
Wellesley22,2970,year,0.4275796217608572,0.8942760942760942
Wellesley22,2970,year (legacy label),0.10228736377950814,1.0
Wellesley22,2970,year (missing counted),0.3621909085899922,1.0
Vassar85,3068,degree,0.10078144349335286,1.0
Vassar85,3068,dorm,0.24338106836605314,0.7790091264667536
Vassar85,3068,dorm (legacy label),0.013122879477600066,1.0
Vassar85,3068,dorm (missing counted),0.19516868272567195,1.0
Vassar85,3068,gender,0.002015207785939802,0.9097131681877445
Vassar85,3068,high_school,0.010574702004572837,0.8741851368970013
Vassar85,3068,major,0.049475581788988546,0.7816166883963495
Vassar85,3068,minor,0.02595862586679558,0.4426336375488918
Vassar85,3068,status,0.4190194829371818,0.9996740547588006
Vassar85,3068,year,0.4668045389834353,0.9269882659713168
Vassar85,3068,year (legacy label),0.19516868272567195,1.0
Vassar85,3068,year (missing counted),0.42348744695740054,1.0
Middlebury45,3075,degree,0.07848305830139368,1.0
Middlebury45,3075,dorm,0.18090120512783536,0.7252032520325203
Middlebury45,3075,dorm (legacy label),0.025612102143760574,1.0
Middlebury45,3075,dorm (missing counted),0.147319123429139,1.0
Middlebury45,3075,gender,0.039539467937315706,0.911869918699187
Middlebury45,3075,high_school,0.01575927863135689,0.8721951219512195
Middlebury45,3075,major,0.03812211904315694,0.7622764227642277
Middlebury45,3075,minor,0.024428287526709225,0.5255284552845528
Middlebury45,3075,status,0.40961976670823114,1.0
Middlebury45,3075,year,0.5129438553378166,0.9105691056910569
Middlebury45,3075,year (legacy label),0.147319123429139,1.0
Middlebury45,3075,year (missing counted),0.44867636505339054,1.0
Pepperdine86,3445,degree,0.05550950018031999,1.0
Pepperdine86,3445,dorm,0.22932309976100435,0.4075471698113208
Pepperdine86,3445,dorm (legacy label),0.015414149230206543,1.0
Pepperdine86,3445,dorm (missing counted),0.13296819774110663,1.0
Pepperdine86,3445,gender,0.05933604140327466,0.9515239477503629
Pepperdine86,3445,high_school,0.008215002338136816,0.8423802612481858
Pepperdine86,3445,major,0.03761996612187186,0.8957910014513788
Pepperdine86,3445,minor,0.0215662682890589,0.4952104499274311
Pepperdine86,3445,status,0.3379550447223013,0.9997097242380262
Pepperdine86,3445,year,0.42753140391570743,0.9132075471698113
Pepperdine86,3445,year (legacy label),0.13296819774110663,1.0
Pepperdine86,3445,year (missing counted),0.3859118155880025,1.0
Colgate88,3482,degree,0.06700088251650535,1.0
Colgate88,3482,dorm,0.17302623953966992,0.6677197013210798
Colgate88,3482,dorm (legacy label),0.019475815048430448,1.0
Colgate88,3482,dorm (missing counted),0.15031593379176328,1.0
Colgate88,3482,gender,0.08998553536438493,0.913268236645606
Colgate88,3482,high_school,0.012533876111514767,0.8862722573233773
Colgate88,3482,major,0.03624867257765741,0.758759333716255
Colgate88,3482,minor,0.020065707085947602,0.3948879954049397
Colgate88,3482,status,0.44091033624207204,1.0
Colgate88,3482,year,0.5499350521322264,0.9302125215393452
Colgate88,3482,year (legacy label),0.15031593379176328,1.0
Colgate88,3482,year (missing counted),0.4929336076990524,1.0
Santa74,3578,degree,0.07063364105479585,1.0
Santa74,3578,dorm,0.1813582576466494,0.6718837339295696
Santa74,3578,dorm (legacy label),0.015792201145266704,1.0
Santa74,3578,dorm (missing counted),0.13917711226855461,1.0
Santa74,3578,gender,0.03531341470644351,0.9502515371716043
Santa74,3578,high_school,0.03527010702872656,0.9116825041922862
Santa74,3578,major,0.048632065255273575,0.8496366685299049
Santa74,3578,minor,0.015467522970320382,0.45667970933482394
Santa74,3578,status,0.3195960566253728,1.0
Santa74,3578,year,0.45487243623749224,0.9183901621017329
Santa74,3578,year (legacy label),0.13917711226855461,1.0
Santa74,3578,year (missing counted),0.39796610500493634,1.0
Wesleyan43,3593,degree,0.09508340407082329,1.0
Wesleyan43,3593,dorm,0.12099798554012763,0.6782632897300306
Wesleyan43,3593,dorm (legacy label),0.013458206146905276,1.0
Wesleyan43,3593,dorm (missing counted),0.11037457228852392,1.0
Wesleyan43,3593,gender,0.035255207742404246,0.8870025048705816
Wesleyan43,3593,high_school,0.018140220031123627,0.8472028945171166
Wesleyan43,3593,major,0.052134809638305586,0.7662120790425828
Wesleyan43,3593,minor,0.02046271899960544,0.3963261898135263
Wesleyan43,3593,status,0.3944078745848133,0.9997216810464793
Wesleyan43,3593,year,0.46708961047396463,0.9131644865015307
Wesleyan43,3593,year (legacy label),0.11037457228852392,1.0
Wesleyan43,3593,year (missing counted),0.41658090263953895,1.0
Mich67,3748,degree,0.14173703337749685,1.0
Mich67,3748,dorm,0.3366449029945705,0.48025613660619
Mich67,3748,dorm (legacy label),0.017186239506192438,1.0
Mich67,3748,dorm (missing counted),0.22541608877762684,1.0
Mich67,3748,gender,0.05755715274612476,0.9506403415154749
Mich67,3748,high_school,0.047664783628854346,0.8639274279615795
Mich67,3748,major,0.08162347924959594,0.9330309498399146
Mich67,3748,minor,0.0389992852765394,0.3527214514407684
Mich67,3748,status,0.2286277374928844,1.0
Mich67,3748,year,0.24828007403552524,0.7825506937033084
Mich67,3748,year (legacy label),0.22541608877762684,1.0
Mich67,3748,year (missing counted),0.16164325043057468,1.0
Bucknell39,3826,degree,0.0945074024693477,1.0
Bucknell39,3826,dorm,0.19655676605071382,0.7062205959226346
Bucknell39,3826,dorm (legacy label),0.02592802273007192,1.0
Bucknell39,3826,dorm (missing counted),0.18117961395570056,1.0
Bucknell39,3826,gender,0.11681454219237897,0.9375326711970726
Bucknell39,3826,high_school,0.01166799326271526,0.9046001045478307
Bucknell39,3826,major,0.04973153006968539,0.8337689492943021
Bucknell39,3826,minor,0.019786497010329217,0.48013591217982227
Bucknell39,3826,status,0.4370044381630745,1.0
Bucknell39,3826,year,0.528779620764129,0.9477260846837429
Bucknell39,3826,year (legacy label),0.18117961395570056,1.0
Bucknell39,3826,year (missing counted),0.49317471012635283,1.0
Brandeis99,3898,degree,-0.025515330213873425,1.0
Brandeis99,3898,dorm,0.1940160208564723,0.5895330938943047
Brandeis99,3898,dorm (legacy label),0.02054642638633897,1.0
Brandeis99,3898,dorm (missing counted),0.17899209844438796,1.0
Brandeis99,3898,gender,0.019386384851058376,0.9081580297588507
Brandeis99,3898,high_school,0.01424091392000488,0.8240123140071832
Brandeis99,3898,major,0.04150540956193452,0.7914315033350436
Brandeis99,3898,minor,0.017598331009729434,0.6005643919958953
Brandeis99,3898,status,0.3800569067168769,0.9997434581836839
Brandeis99,3898,year,0.5296452329266743,0.8809645972293484
Brandeis99,3898,year (legacy label),0.17899209844438796,1.0
Brandeis99,3898,year (missing counted),0.4441370182821607,1.0
Howard90,4047,degree,0.05788251760170702,1.0
Howard90,4047,dorm,0.16989859903022744,0.6360266864343959
Howard90,4047,dorm (legacy label),0.02150283355072851,1.0
Howard90,4047,dorm (missing counted),0.11269101834435276,1.0
Howard90,4047,gender,-0.09224275567108435,0.9584877687175686
Howard90,4047,high_school,0.016297165182310364,0.8707684704719545
Howard90,4047,major,0.04966276764882509,0.8981961947121324
Howard90,4047,minor,0.02509492917679968,0.4633061527057079
Howard90,4047,status,0.2796271852834019,1.0
Howard90,4047,year,0.4291292867173466,0.9132690882134915
Howard90,4047,year (legacy label),0.11269101834435276,1.0
Howard90,4047,year (missing counted),0.37260221791856274,1.0
Rice31,4087,degree,0.06486169828955768,1.0
Rice31,4087,dorm,0.48463545936423025,0.8720332762417421
Rice31,4087,dorm (legacy label),0.012664169483334573,1.0
Rice31,4087,dorm (missing counted),0.4160174984372533,1.0
Rice31,4087,gender,0.030096811510478015,0.9356496207487155
Rice31,4087,high_school,0.016259984270188748,0.8414484952287742
Rice31,4087,major,0.05522357480173654,0.8872033276241742
Rice31,4087,minor,0.026494003536219734,0.4171764130168828
Rice31,4087,status,0.3575169385014553,1.0
Rice31,4087,year,0.3104395658844879,0.8916075360900416
Rice31,4087,year (legacy label),0.4160174984372533,1.0
Rice31,4087,year (missing counted),0.2757545452288288,1.0
Rochester38,4563,degree,0.024955793804522806,1.0
Rochester38,4563,dorm,0.2600932099091077,0.6679815910585142
Rochester38,4563,dorm (legacy label),0.016679629189341277,1.0
Rochester38,4563,dorm (missing counted),0.19940151498188244,1.0
Rochester38,4563,gender,0.0757944437344284,0.9390751698444006
Rochester38,4563,high_school,0.01863018529754495,0.8674117904887135
Rochester38,4563,major,0.0732736986279867,0.8700416392724085
Rochester38,4563,minor,0.015227037914538912,0.5014245014245015
Rochester38,4563,status,0.2732063716167712,1.0
Rochester38,4563,year,0.4341283365301953,0.908393600701293
Rochester38,4563,year (legacy label),0.19940151498188244,1.0
Rochester38,4563,year (missing counted),0.38316997578822704,1.0
Lehigh96,5075,degree,0.03514352338363737,1.0
Lehigh96,5075,dorm,0.28168548041691177,0.6333004926108374
Lehigh96,5075,dorm (legacy label),0.014624559251383994,1.0
Lehigh96,5075,dorm (missing counted),0.2314408163813848,1.0
Lehigh96,5075,gender,0.06954031245930146,0.9339901477832512
Lehigh96,5075,high_school,0.018757734780697904,0.8904433497536945
Lehigh96,5075,major,0.04947180499638576,0.8520197044334975
Lehigh96,5075,minor,0.01695326911289168,0.43448275862068964
Lehigh96,5075,status,0.3070506980221489,0.9994088669950739
Lehigh96,5075,year,0.4999229495206737,0.9121182266009852
Lehigh96,5075,year (legacy label),0.2314408163813848,1.0
Lehigh96,5075,year (missing counted),0.4441028014667274,1.0
Johns Hopkins55,5180,degree,0.07980496716494234,1.0
Johns Hopkins55,5180,dorm,0.11329002557004807,0.5866795366795367
Johns Hopkins55,5180,dorm (legacy label),0.014350932565522256,1.0
Johns Hopkins55,5180,dorm (missing counted),0.1094139656825041,1.0
Johns Hopkins55,5180,gender,0.09718136444625194,0.9193050193050193
Johns Hopkins55,5180,high_school,0.013423896680955918,0.8596525096525096
Johns Hopkins55,5180,major,0.07248475159213429,0.8681467181467182
Johns Hopkins55,5180,minor,0.024518781802494786,0.4480694980694981
Johns Hopkins55,5180,status,0.3252396254152568,0.9998069498069498
Johns Hopkins55,5180,year,0.43520231160871964,0.8772200772200772
Johns Hopkins55,5180,year (legacy label),0.1094139656825041,1.0
Johns Hopkins55,5180,year (missing counted),0.37668118933810724,1.0
Wake73,5372,degree,0.07093900243305308,1.0
Wake73,5372,dorm,0.22680065255020868,0.6347728965003723
Wake73,5372,dorm (legacy label),0.022526510840362078,1.0
Wake73,5372,dorm (missing counted),0.17848766878645225,1.0
Wake73,5372,gender,0.13085349994220535,0.9270290394638868
Wake73,5372,high_school,0.01531139347491907,0.8989203276247207
Wake73,5372,major,0.036604841613095754,0.7701042442293373
Wake73,5372,minor,0.014507450311945355,0.48771407297096053
Wake73,5372,status,0.3470133106757004,0.9996276991809382
Wake73,5372,year,0.41428535716820153,0.9013402829486225
Wake73,5372,year (legacy label),0.17848766878645225,1.0
Wake73,5372,year (missing counted),0.35512549459830933,1.0
American75,6386,degree,0.06602249890210414,1.0
American75,6386,dorm,0.27290201550305015,0.517381772627623
American75,6386,dorm (legacy label),0.014849372684536006,1.0
American75,6386,dorm (missing counted),0.21906380800538086,1.0
American75,6386,gender,0.027132793278549193,0.9412777951769495
American75,6386,high_school,0.010276677856097623,0.862981522079549
American75,6386,major,0.05121185799253887,0.9005637331663013
American75,6386,minor,0.011728649414244213,0.574068274350141
American75,6386,status,0.2882370543181229,0.9996868149076104
American75,6386,year,0.4140793920292593,0.8795803319761979
American75,6386,year (legacy label),0.21906380800538086,1.0
American75,6386,year (missing counted),0.35196408783151956,1.0
MIT8,6440,degree,0.12005101145668702,1.0
MIT8,6440,dorm,0.2287949787655689,0.7607142857142857
MIT8,6440,dorm (legacy label),0.010921515047006322,1.0
MIT8,6440,dorm (missing counted),0.17879641483565545,1.0
MIT8,6440,gender,0.12545722367598167,0.904192546583851
MIT8,6440,high_school,0.013759294462615243,0.7652173913043478
MIT8,6440,major,0.06444936099472556,0.843167701863354
MIT8,6440,minor,0.021868744396649948,0.4045031055900621
MIT8,6440,status,0.3152454270916632,0.9996894409937889
MIT8,6440,year,0.3616238755952913,0.8226708074534161
MIT8,6440,year (legacy label),0.17879641483565545,1.0
MIT8,6440,year (missing counted),0.31038945304356536,1.0
William77,6472,degree,0.051601447492193774,1.0
William77,6472,dorm,0.2014509974566299,0.5902348578491965
William77,6472,dorm (legacy label),0.013642886560942329,1.0
William77,6472,dorm (missing counted),0.15775664215561735,1.0
William77,6472,gender,0.11731668104564105,0.9207354758961681
William77,6472,high_school,0.034522734176189784,0.8763906056860321
William77,6472,major,0.043556229579531876,0.8362175525339925
William77,6472,minor,0.01637870488981514,0.5293572311495673
William77,6472,status,0.3242406022325205,0.9998454882571075
William77,6472,year,0.43441074178314076,0.8980222496909765
William77,6472,year (legacy label),0.15775664215561735,1.0
William77,6472,year (missing counted),0.36977156924022514,1.0
UChicago30,6591,degree,0.01800199536713882,1.0
UChicago30,6591,dorm,0.2978939641166362,0.5301168259748141
UChicago30,6591,dorm (legacy label),0.01674050527022784,1.0
UChicago30,6591,dorm (missing counted),0.18427497373412455,1.0
UChicago30,6591,gender,0.04587149747923792,0.8978910635715369
UChicago30,6591,high_school,0.016091288123194866,0.7712031558185405
UChicago30,6591,major,0.05392696312838522,0.8100439993931118
UChicago30,6591,minor,0.014756518621305406,0.37202245486269153
UChicago30,6591,status,0.34971787472552013,0.9998482779547868
UChicago30,6591,year,0.3647267315570249,0.8428159611591565
UChicago30,6591,year (legacy label),0.18427497373412455,1.0
UChicago30,6591,year (missing counted),0.30708730011486696,1.0
Princeton12,6596,degree,0.0910921235679739,1.0
Princeton12,6596,dorm,0.08721748519173374,0.6608550636749545
Princeton12,6596,dorm (legacy label),0.015189252032913212,1.0
Princeton12,6596,dorm (missing counted),0.09467841955418975,1.0
Princeton12,6596,gender,0.06500680019625987,0.8914493632504549
Princeton12,6596,high_school,0.019707286348142766,0.791691934505761
Princeton12,6596,major,0.04740815628786412,0.7501516070345664
Princeton12,6596,minor,0.03496257397201052,0.2703153426318981
Princeton12,6596,status,0.48431267717224574,0.9995451788963008
Princeton12,6596,year,0.49471930719810814,0.8799272286234081
Princeton12,6596,year (legacy label),0.09467841955418975,1.0
Princeton12,6596,year (missing counted),0.44674462058408704,1.0
Carnegie49,6637,degree,0.12250686164779971,1.0
Carnegie49,6637,dorm,0.1827259926665405,0.5582341419315956
Carnegie49,6637,dorm (legacy label),0.027751083598290892,1.0
Carnegie49,6637,dorm (missing counted),0.14017200449375108,1.0
Carnegie49,6637,gender,0.09808764965116878,0.9181859273768269
Carnegie49,6637,high_school,0.01687630806800199,0.8378785595901763
Carnegie49,6637,major,0.15092964725242264,0.880066295012807
Carnegie49,6637,minor,0.03592212625576299,0.4545728491788459
Carnegie49,6637,status,0.3114228314905533,0.9998493295163478
Carnegie49,6637,year,0.39268551507777233,0.8624378484254934
Carnegie49,6637,year (legacy label),0.14017200449375108,1.0
Carnegie49,6637,year (missing counted),0.334875155904691,1.0
Tufts18,6682,degree,0.11803149414453536,1.0
Tufts18,6682,dorm,0.12883252234226175,0.6451661179287639
Tufts18,6682,dorm (legacy label),0.020111665995110387,1.0
Tufts18,6682,dorm (missing counted),0.12306561467752324,1.0
Tufts18,6682,gender,0.06280805780672188,0.9167913798263992
Tufts18,6682,high_school,0.018698277478620167,0.7897336126908111
Tufts18,6682,major,0.04195863205857772,0.7994612391499551
Tufts18,6682,minor,0.0205267085011198,0.48263992816522
Tufts18,6682,status,0.43545426594366443,0.9997006884166417
Tufts18,6682,year,0.4995704399377341,0.8937443879078121
Tufts18,6682,year (legacy label),0.12306561467752324,1.0
Tufts18,6682,year (missing counted),0.43990375197145093,1.0
UC64,6833,degree,0.12548976296410624,1.0
UC64,6833,dorm,0.2680258101703079,0.46655934435826135
UC64,6833,dorm (legacy label),0.012697058766417416,1.0
UC64,6833,dorm (missing counted),0.17449062925601233,1.0
UC64,6833,gender,-0.028285297390761552,0.9296063222596225
UC64,6833,high_school,0.07214189087970829,0.8617005707595492
UC64,6833,major,0.04518349822087713,0.8707741841065418
UC64,6833,minor,0.01482385356936865,0.3693838723840187
UC64,6833,status,0.16505425372726137,0.9998536513976292
UC64,6833,year,0.37171169358633244,0.8125274403629446
UC64,6833,year (legacy label),0.17449062925601233,1.0
UC64,6833,year (missing counted),0.26588722329718345,1.0
Vermont70,7324,degree,0.07720492514508007,1.0
Vermont70,7324,dorm,0.21006888968573972,0.5240305843801202
Vermont70,7324,dorm (legacy label),0.02603119451109241,1.0
Vermont70,7324,dorm (missing counted),0.19865645340129076,1.0
Vermont70,7324,gender,0.0036621195019024516,0.9213544511196068
Vermont70,7324,high_school,0.06531804407864047,0.851583833970508
Vermont70,7324,major,0.05537527624290118,0.812807209175314
Vermont70,7324,minor,0.02036681624065165,0.4703713817586019
Vermont70,7324,status,0.3378550425238941,0.9997269251774986
Vermont70,7324,year,0.5062976493389696,0.8625068268705626
Vermont70,7324,year (legacy label),0.19865645340129076,1.0
Vermont70,7324,year (missing counted),0.4105546882689908,1.0
Emory27,7460,degree,0.06632780311277749,1.0
Emory27,7460,dorm,0.2207356190966212,0.6369973190348526
Emory27,7460,dorm (legacy label),0.021986719401810278,1.0
Emory27,7460,dorm (missing counted),0.17594209817998366,1.0
Emory27,7460,gender,0.09247843021696425,0.9270777479892761
Emory27,7460,high_school,0.02111908474780653,0.8600536193029491
Emory27,7460,major,0.030409403904908212,0.7764075067024129
Emory27,7460,minor,0.017560530598439376,0.5193029490616622
Emory27,7460,status,0.39395472469591775,0.9998659517426274
Emory27,7460,year,0.480398519830882,0.8868632707774798
Emory27,7460,year (legacy label),0.17594209817998366,1.0
Emory27,7460,year (missing counted),0.41483106769720884,1.0
Dartmouth6,7694,degree,0.04438445305323885,1.0
Dartmouth6,7694,dorm,0.17773486895511892,0.593449441122953
Dartmouth6,7694,dorm (legacy label),0.017534339620936208,1.0
Dartmouth6,7694,dorm (missing counted),0.1222343963324099,1.0
Dartmouth6,7694,gender,0.10284852157648142,0.8648297374577593
Dartmouth6,7694,high_school,0.014365786777620966,0.6745515986482974
Dartmouth6,7694,major,0.03729296716707177,0.7553938133610606
Dartmouth6,7694,minor,0.01765370853614585,0.46984663374057706
Dartmouth6,7694,status,0.41235018890840897,0.9992201715622563
Dartmouth6,7694,year,0.49015998661114635,0.8296074863530023
Dartmouth6,7694,year (legacy label),0.1222343963324099,1.0
Dartmouth6,7694,year (missing counted),0.4261107581603965,1.0
Tulane29,7752,degree,0.09760059754166937,1.0
Tulane29,7752,dorm,0.3529682391646081,0.5416666666666666
Tulane29,7752,dorm (legacy label),0.019646024445898955,1.0
Tulane29,7752,dorm (missing counted),0.2501295997750009,1.0
Tulane29,7752,gender,0.10083258397979512,0.9286635706914345
Tulane29,7752,high_school,0.020693320575405436,0.8650670794633643
Tulane29,7752,major,0.0525832797999973,0.8308823529411765
Tulane29,7752,minor,0.014714999580111493,0.5426986584107327
Tulane29,7752,status,0.3884341109227413,0.9998710010319918
Tulane29,7752,year,0.4393858614696423,0.8677760577915377
Tulane29,7752,year (legacy label),0.2501295997750009,1.0
Tulane29,7752,year (missing counted),0.3688445740663525,1.0
WashU32,7755,degree,0.040456403948065565,1.0
WashU32,7755,dorm,0.16649023332007287,0.7672469374597034
WashU32,7755,dorm (legacy label),0.017719367978896054,1.0
WashU32,7755,dorm (missing counted),0.1286554678960956,1.0
WashU32,7755,gender,0.09389888291696713,0.92856221792392
WashU32,7755,high_school,0.01810627903225465,0.8469374597034172
WashU32,7755,major,0.04069478106564641,0.8591876208897485
WashU32,7755,minor,0.013979663616809548,0.6092843326885881
WashU32,7755,status,0.40191500805920843,1.0
WashU32,7755,year,0.518584313285697,0.8919406834300452
WashU32,7755,year (legacy label),0.1286554678960956,1.0
WashU32,7755,year (missing counted),0.4573924533443365,1.0
Villanova62,7772,degree,0.06126868807106506,1.0
Villanova62,7772,dorm,0.16961823223797037,0.5943129181677818
Villanova62,7772,dorm (legacy label),0.030953999913169886,1.0
Villanova62,7772,dorm (missing counted),0.17631148494206908,1.0
Villanova62,7772,gender,0.10070369619971362,0.9083890890375708
Villanova62,7772,high_school,0.023293392146496134,0.8817550180133814
Villanova62,7772,major,0.0602146835504484,0.8283582089552238
Villanova62,7772,minor,0.024447177431221084,0.41096242923314463
Villanova62,7772,status,0.4608588006027869,1.0
Villanova62,7772,year,0.6165415037274186,0.886901698404529
Villanova62,7772,year (legacy label),0.17631148494206908,1.0
Villanova62,7772,year (missing counted),0.5349907774849435,1.0
Vanderbilt48,8069,degree,0.037832653693487844,1.0
Vanderbilt48,8069,dorm,0.22425330846221905,0.6663774941132731
Vanderbilt48,8069,dorm (legacy label),0.021681489784680555,1.0
Vanderbilt48,8069,dorm (missing counted),0.17594895627064283,1.0
Vanderbilt48,8069,gender,0.15914372513911929,0.9199405130747305
Vanderbilt48,8069,high_school,0.019962169036190778,0.889453463874086
Vanderbilt48,8069,major,0.05780789985397343,0.8502912380716322
Vanderbilt48,8069,minor,0.01890875560013412,0.5150576279588549
Vanderbilt48,8069,status,0.3959339132355419,0.9998760689056885
Vanderbilt48,8069,year,0.48665726908292956,0.8895773949683976
Vanderbilt48,8069,year (legacy label),0.17594895627064283,1.0
Vanderbilt48,8069,year (missing counted),0.41651781126389587,1.0
Yale4,8578,degree,0.018630368851041062,1.0
Yale4,8578,dorm,0.26726946677580743,0.7794357659128002
Yale4,8578,dorm (legacy label),0.015631383902239247,1.0
Yale4,8578,dorm (missing counted),0.22130565981210054,1.0
Yale4,8578,gender,0.036724084167033426,0.8891349965026812
Yale4,8578,high_school,0.018268502250429326,0.7783865702961064
Yale4,8578,major,0.041714060432964696,0.7414315691303334
Yale4,8578,minor,0.020689068327216894,0.2588015854511541
Yale4,8578,status,0.4589872860603036,0.9996502681277687
Yale4,8578,year,0.4830873925082756,0.8620890650501283
Yale4,8578,year (legacy label),0.22130565981210054,1.0
Yale4,8578,year (missing counted),0.4291895835744634,1.0
Brown11,8600,degree,0.06938877121976977,1.0
Brown11,8600,dorm,0.14005980941353835,0.6937209302325581
Brown11,8600,dorm (legacy label),0.011673793418047118,1.0
Brown11,8600,dorm (missing counted),0.10272238407816028,1.0
Brown11,8600,gender,0.028349164595612465,0.8919767441860466
Brown11,8600,high_school,0.024371600671872905,0.7659302325581395
Brown11,8600,major,0.03761292550564088,0.787093023255814
Brown11,8600,minor,0.023507792907944806,0.30116279069767443
Brown11,8600,status,0.42590797235735034,0.9995348837209302
Brown11,8600,year,0.49714355679664624,0.8784883720930232
Brown11,8600,year (legacy label),0.10272238407816028,1.0
Brown11,8600,year (missing counted),0.4205461734528974,1.0
UCSC68,8991,degree,0.1323785514147951,1.0
UCSC68,8991,dorm,0.4664346253659019,0.8605271938605272
UCSC68,8991,dorm (legacy label),0.01387190766924291,1.0
UCSC68,8991,dorm (missing counted),0.38456528487615993,1.0
UCSC68,8991,gender,-0.027410230828173555,0.9367144922700478
UCSC68,8991,high_school,0.0671404610133424,0.8829941052163275
UCSC68,8991,major,0.053705703623277375,0.8609720831943054
UCSC68,8991,minor,0.02305384635684976,0.457568679790902
UCSC68,8991,status,0.22705273136011792,0.9998887776665555
UCSC68,8991,year,0.4586529021054818,0.8397286175063953
UCSC68,8991,year (legacy label),0.38456528487615993,1.0
UCSC68,8991,year (missing counted),0.34908027225917204,1.0
Maine59,9069,degree,0.07315552322160708,1.0
Maine59,9069,dorm,0.19744366749149125,0.37347006285147205
Maine59,9069,dorm (legacy label),0.021944768125753793,1.0
Maine59,9069,dorm (missing counted),0.15759745842769743,1.0
Maine59,9069,gender,-0.004877460358582359,0.931194177968905
Maine59,9069,high_school,0.2009837659285516,0.8684529716617047
Maine59,9069,major,0.07015124853138732,0.8525747050391443
Maine59,9069,minor,0.032212036560802286,0.3575917962289117
Maine59,9069,status,0.16035376255466222,0.9976844194508766
Maine59,9069,year,0.261879987657226,0.8072554857205866
Maine59,9069,year (legacy label),0.15759745842769743,1.0
Maine59,9069,year (missing counted),0.18364265379665046,1.0
Georgetown15,9414,degree,0.07542026374100451,1.0
Georgetown15,9414,dorm,0.17253938865099283,0.7015083917569577
Georgetown15,9414,dorm (legacy label),0.017586980797128227,1.0
Georgetown15,9414,dorm (missing counted),0.12704415325481117,1.0
Georgetown15,9414,gender,0.014512343916897978,0.9022732101125983
Georgetown15,9414,high_school,0.0237257955261455,0.8044401954535798
Georgetown15,9414,major,0.0438876969816607,0.7984916082430423
Georgetown15,9414,minor,0.01909409627899858,0.4736562566390482
Georgetown15,9414,status,0.5187974363079054,0.9998937752283833
Georgetown15,9414,year,0.5575273232256307,0.8908009347779903
Georgetown15,9414,year (legacy label),0.12704415325481117,1.0
Georgetown15,9414,year (missing counted),0.494899103659972,1.0
Duke14,9895,degree,0.06667336653755823,1.0
Duke14,9895,dorm,0.1575878044130572,0.7072258716523496
Duke14,9895,dorm (legacy label),0.01783286288076912,1.0
Duke14,9895,dorm (missing counted),0.12995492575486295,1.0
Duke14,9895,gender,0.10142225520560783,0.914199090449722
Duke14,9895,high_school,0.01784114539192044,0.8090955027791814
Duke14,9895,major,0.044490176160192955,0.8009095502779181
Duke14,9895,minor,0.020956090750064302,0.515310763011622
Duke14,9895,status,0.4725095926967693,0.9997978777160182
Duke14,9895,year,0.5043856639816876,0.8819605861546236
Duke14,9895,year (legacy label),0.12995492575486295,1.0
Duke14,9895,year (missing counted),0.4538634004060793,1.0
Bingham82,10004,degree,0.13736406472256454,1.0
Bingham82,10004,dorm,0.17423232568575697,0.5338864454218313
Bingham82,10004,dorm (legacy label),0.01865037783160996,1.0
Bingham82,10004,dorm (missing counted),0.16444205050113214,1.0
Bingham82,10004,gender,0.014995560963131782,0.9312275089964014
Bingham82,10004,high_school,0.06676042206625504,0.8589564174330268
Bingham82,10004,major,0.05140414126872316,0.8248700519792083
Bingham82,10004,minor,0.02528098905895784,0.34986005597760894
Bingham82,10004,status,0.2857619226622336,0.9997001199520192
Bingham82,10004,year,0.35108825645958947,0.8532586965213914
Bingham82,10004,year (legacy label),0.16444205050113214,1.0
Bingham82,10004,year (missing counted),0.2650613542284889,1.0
Mississippi66,10521,degree,0.15067257618887245,1.0
Mississippi66,10521,dorm,0.3128833827253376,0.48778633209770933
Mississippi66,10521,dorm (legacy label),0.017845805606789195,1.0
Mississippi66,10521,dorm (missing counted),0.2131809594873617,1.0
Mississippi66,10521,gender,0.1137219545571601,0.9350822165193423
Mississippi66,10521,high_school,0.10962160495182668,0.8809999049520008
Mississippi66,10521,major,0.04607527119245261,0.864366505085068
Mississippi66,10521,minor,0.018890405012768906,0.4329436365364509
Mississippi66,10521,status,0.2439609471844625,1.0
Mississippi66,10521,year,0.31097763812904927,0.8162722174698223
Mississippi66,10521,year (legacy label),0.2131809594873617,1.0
Mississippi66,10521,year (missing counted),0.2253532320768544,1.0
Northwestern25,10567,degree,0.03444129080710901,1.0
Northwestern25,10567,dorm,0.2535256699252132,0.5562600548878585
Northwestern25,10567,dorm (legacy label),0.022087879714048166,1.0
Northwestern25,10567,dorm (missing counted),0.1924902939190314,1.0
Northwestern25,10567,gender,0.10457869865705227,0.9170057726885588
Northwestern25,10567,high_school,0.02089212757706041,0.8175451878489638
Northwestern25,10567,major,0.09614364185599991,0.8529383931106275
Northwestern25,10567,minor,0.026981104390906504,0.5026024415633576
Northwestern25,10567,status,0.3622429350536607,0.9998107315226649
Northwestern25,10567,year,0.4147996277139721,0.87678622125485
Northwestern25,10567,year (legacy label),0.1924902939190314,1.0
Northwestern25,10567,year (missing counted),0.3547071541214945,1.0
Cal65,11247,degree,0.19161218892182097,1.0
Cal65,11247,dorm,0.2955497369439258,0.4229572330399218
Cal65,11247,dorm (legacy label),0.021426123007975473,1.0
Cal65,11247,dorm (missing counted),0.21344296168865778,1.0
Cal65,11247,gender,0.022119047308811587,0.9440739752822975
Cal65,11247,high_school,0.0705837135120288,0.9000622388192406
Cal65,11247,major,0.11423246729068869,0.9366053169734151
Cal65,11247,minor,0.05180851271971729,0.24602116119854184
Cal65,11247,status,0.18787324383352638,0.9997332622032542
Cal65,11247,year,0.3754152721298361,0.7428647639370499
Cal65,11247,year (legacy label),0.21344296168865778,1.0
Cal65,11247,year (missing counted),0.2266372716642749,1.0
BC17,11509,degree,0.07603316135214651,1.0
BC17,11509,dorm,0.13948002734057507,0.6470588235294118
BC17,11509,dorm (legacy label),0.02600890950888025,1.0
BC17,11509,dorm (missing counted),0.12056627340754655,1.0
BC17,11509,gender,0.014489997958384088,0.9296202971587453
BC17,11509,high_school,0.03103966717561666,0.852463289599444
BC17,11509,major,0.04204453044191453,0.8068468155356677
BC17,11509,minor,0.02006795349617772,0.46963246155182903
BC17,11509,status,0.5331807976868099,1.0
BC17,11509,year,0.6528445709773499,0.9151099139803632
BC17,11509,year (legacy label),0.12056627340754655,1.0
BC17,11509,year (missing counted),0.5830401619326977,1.0
Stanford3,11621,degree,0.10202555590066137,1.0
Stanford3,11621,dorm,0.12067508432798792,0.6352293262197746
Stanford3,11621,dorm (legacy label),0.012781291643586906,1.0
Stanford3,11621,dorm (missing counted),0.10151961624964567,1.0
Stanford3,11621,gender,0.056585907897640494,0.8872730401858704
Stanford3,11621,high_school,0.02147174678521221,0.7292831942173651
Stanford3,11621,major,0.048581263341716856,0.770587729111092
Stanford3,11621,minor,0.01675825245568308,0.3860252990276224
Stanford3,11621,status,0.35942968559075306,0.9996557955425522
Stanford3,11621,year,0.44455754603404884,0.8149040530074865
Stanford3,11621,year (legacy label),0.10151961624964567,1.0
Stanford3,11621,year (missing counted),0.38880888992801454,1.0
Columbia2,11770,degree,-0.002178155110565253,1.0
Columbia2,11770,dorm,0.1327116647079452,0.5584536958368734
Columbia2,11770,dorm (legacy label),0.022240063461381618,1.0
Columbia2,11770,dorm (missing counted),0.1266299308373084,1.0
Columbia2,11770,gender,0.08728536934833935,0.8883602378929482
Columbia2,11770,high_school,0.02925845147834753,0.7728122344944774
Columbia2,11770,major,0.045284953953755466,0.7598980458793543
Columbia2,11770,minor,0.03526734124659213,0.4239592183517417
Columbia2,11770,status,0.42403558280881076,0.9994052676295667
Columbia2,11770,year,0.5134737586936751,0.8446898895497026
Columbia2,11770,year (legacy label),0.1266299308373084,1.0
Columbia2,11770,year (missing counted),0.43584909651175646,1.0
Notre Dame57,12155,degree,0.047713151929626094,1.0
Notre Dame57,12155,dorm,0.25384670109389845,0.7956396544631839
Notre Dame57,12155,dorm (legacy label),0.020278533519215786,1.0
Notre Dame57,12155,dorm (missing counted),0.2090874176805777,1.0
Notre Dame57,12155,gender,0.13322225655733028,0.9269436445907034
Notre Dame57,12155,high_school,0.029736892630804878,0.8818593171534348
Notre Dame57,12155,major,0.052908912535635455,0.8685314685314686
Notre Dame57,12155,minor,0.020321453146473673,0.47058823529411764
Notre Dame57,12155,status,0.4634067143632258,0.9997531879884821
Notre Dame57,12155,year,0.5404801788161328,0.9100781571369807
Notre Dame57,12155,year (legacy label),0.2090874176805777,1.0
Notre Dame57,12155,year (missing counted),0.4808440145474245,1.0
GWU54,12193,degree,0.025287319007801352,1.0
GWU54,12193,dorm,0.16993938105661113,0.6095300582301321
GWU54,12193,dorm (legacy label),0.02261562808609912,1.0
GWU54,12193,dorm (missing counted),0.156037332690185,1.0
GWU54,12193,gender,0.028095664412793167,0.9224145001230214
GWU54,12193,high_school,0.021170110068561347,0.8539325842696629
GWU54,12193,major,0.04781917388605446,0.8394160583941606
GWU54,12193,minor,0.01740678452381175,0.5278438448290003
GWU54,12193,status,0.3585608122622882,0.999917985729517
GWU54,12193,year,0.5140866691696351,0.8705814811777249
GWU54,12193,year (legacy label),0.156037332690185,1.0
GWU54,12193,year (missing counted),0.42544955492271214,1.0
Baylor93,12803,degree,0.07872980389929457,1.0
Baylor93,12803,dorm,0.33442474298466945,0.5103491369210341
Baylor93,12803,dorm (legacy label),0.014296178535512382,1.0
Baylor93,12803,dorm (missing counted),0.2315074107773403,1.0
Baylor93,12803,gender,0.09571582622667348,0.9402483792861048
Baylor93,12803,high_school,0.056063187534665826,0.8964305240959151
Baylor93,12803,major,0.05015493633261144,0.9032258064516129
Baylor93,12803,minor,0.02091606427910677,0.4480199953135984
Baylor93,12803,status,0.30032419620277806,0.9999218933062564
Baylor93,12803,year,0.3963693272801057,0.8730766226665625
Baylor93,12803,year (legacy label),0.2315074107773403,1.0
Baylor93,12803,year (missing counted),0.3182538910527654,1.0
USF51,13377,degree,0.14642411650579487,1.0
USF51,13377,dorm,0.19188258806442754,0.47454586230096435
USF51,13377,dorm (legacy label),0.008878329338766413,1.0
USF51,13377,dorm (missing counted),0.14136405416032896,1.0
USF51,13377,gender,-0.07547441485361359,0.9496897660162966
USF51,13377,high_school,0.14243750679435996,0.8753831202810795
USF51,13377,major,0.03286048114426951,0.8838304552590267
USF51,13377,minor,0.016012716057785932,0.40173432010166704
USF51,13377,status,0.11023415292639455,0.999925244823204
USF51,13377,year,0.27191007515209725,0.7412723331090678
USF51,13377,year (legacy label),0.14136405416032896,1.0
USF51,13377,year (missing counted),0.16572886390734803,1.0
Syracuse56,13653,degree,0.06454879873813225,1.0
Syracuse56,13653,dorm,0.2963107647490379,0.5559950194096536
Syracuse56,13653,dorm (legacy label),0.031732949003565956,1.0
Syracuse56,13653,dorm (missing counted),0.2359821551253865,1.0
Syracuse56,13653,gender,0.062274648356303405,0.9301984911741009
Syracuse56,13653,high_school,0.027175060534872997,0.8636197172782538
Syracuse56,13653,major,0.08486507365933209,0.8373983739837398
Syracuse56,13653,minor,0.02724836538186155,0.4464220317878854
Syracuse56,13653,status,0.3739629758930435,0.999853512048634
Syracuse56,13653,year,0.46546094645454966,0.8832491027612979
Syracuse56,13653,year (legacy label),0.2359821551253865,1.0
Syracuse56,13653,year (missing counted),0.38326680633614685,1.0
Temple83,13686,degree,0.030284112738160035,1.0
Temple83,13686,dorm,0.22857961511110464,0.4045009498757855
Temple83,13686,dorm (legacy label),0.015482012448501295,1.0
Temple83,13686,dorm (missing counted),0.19761010075682697,1.0
Temple83,13686,gender,-0.06678435739918843,0.9332894929124653
Temple83,13686,high_school,0.0841411511518269,0.8403478006722198
Temple83,13686,major,0.06448338904823121,0.8970480783282186
Temple83,13686,minor,0.018725568508201146,0.4310974718690633
Temple83,13686,status,0.19209375912731527,0.9998538652637732
Temple83,13686,year,0.45578882073725024,0.8090749671196843
Temple83,13686,year (legacy label),0.19761010075682697,1.0
Temple83,13686,year (missing counted),0.32978378377400575,1.0
UC61,13746,degree,0.19689194617654693,1.0
UC61,13746,dorm,0.2733586432366086,0.38767641495707844
UC61,13746,dorm (legacy label),0.017936093652220788,1.0
UC61,13746,dorm (missing counted),0.14639549860093656,1.0
UC61,13746,gender,0.0026036402502974242,0.9166302924487123
UC61,13746,high_school,0.08413439437188895,0.8625782045686018
UC61,13746,major,0.06664530730127016,0.852757165720937
UC61,13746,minor,0.020470673283930676,0.4339444201949658
UC61,13746,status,0.20759347309772072,0.9947621126145788
UC61,13746,year,0.41150572788370704,0.7940491779426743
UC61,13746,year (legacy label),0.14639549860093656,1.0
UC61,13746,year (missing counted),0.28983165368055663,1.0
Northeastern19,13882,degree,0.06817059301790575,1.0
Northeastern19,13882,dorm,0.19164257945006008,0.5166402535657686
Northeastern19,13882,dorm (legacy label),0.03231291077790753,1.0
Northeastern19,13882,dorm (missing counted),0.15133747674027961,1.0
Northeastern19,13882,gender,-0.00604699919284664,0.9325025212505402
Northeastern19,13882,high_school,0.0406399638060015,0.8678864716899582
Northeastern19,13882,major,0.1100765317713485,0.8906497622820919
Northeastern19,13882,minor,0.03016143153044073,0.36723815012246075
Northeastern19,13882,status,0.2736174758131165,0.9998559285405562
Northeastern19,13882,year,0.4529960409804209,0.8755222590404841
Northeastern19,13882,year (legacy label),0.15133747674027961,1.0
Northeastern19,13882,year (missing counted),0.3725014568726216,1.0
JMU79,14070,degree,0.002951501048267833,1.0
JMU79,14070,dorm,0.18614338824241095,0.6656005685856432
JMU79,14070,dorm (legacy label),0.021870278786261195,1.0
JMU79,14070,dorm (missing counted),0.1567310635856926,1.0
JMU79,14070,gender,-0.009106542867310122,0.9454868514570007
JMU79,14070,high_school,0.09583516660724986,0.8982231698649609
JMU79,14070,major,0.05969260073102762,0.8848614072494669
JMU79,14070,minor,0.02902333181574848,0.4311300639658849
JMU79,14070,status,0.3112245228228331,0.9998578535891969
JMU79,14070,year,0.5101746836891881,0.8909737029140015
JMU79,14070,year (legacy label),0.1567310635856926,1.0
JMU79,14070,year (missing counted),0.42199849527345024,1.0
UPenn7,14916,degree,0.09254132987479491,1.0
UPenn7,14916,dorm,0.2629908614047853,0.5301689460981497
UPenn7,14916,dorm (legacy label),0.02185038894978776,1.0
UPenn7,14916,dorm (missing counted),0.18009001649865247,1.0
UPenn7,14916,gender,0.09055319815333474,0.8920622150710646
UPenn7,14916,high_school,0.03177060154883323,0.7672968624296058
UPenn7,14916,major,0.05779076042932657,0.7806382408152319
UPenn7,14916,minor,0.019444715775235308,0.46118262268704746
UPenn7,14916,status,0.4331238133547083,0.9995307052829177
UPenn7,14916,year,0.4956733773609041,0.8571332796996514
UPenn7,14916,year (legacy label),0.18009001649865247,1.0
UPenn7,14916,year (missing counted),0.42525918502342325,1.0
UCSB37,14935,degree,0.1830925571215028,1.0
UCSB37,14935,dorm,0.28976912809468763,0.34134583193839974
UCSB37,14935,dorm (legacy label),0.01827419916510956,1.0
UCSB37,14935,dorm (missing counted),0.17793184371253673,1.0
UCSB37,14935,gender,-0.0032408456977248913,0.9348510210913961
UCSB37,14935,high_school,0.06297389302990182,0.8747907599598259
UCSB37,14935,major,0.043071016001075615,0.8675594241714094
UCSB37,14935,minor,0.022784017151116553,0.4443254101104787
UCSB37,14935,status,0.2718847753389197,1.0
UCSB37,14935,year,0.45738009110874867,0.8430532306662203
UCSB37,14935,year (legacy label),0.17793184371253673,1.0
UCSB37,14935,year (missing counted),0.3548537413807784,1.0
UCF52,14940,degree,-0.0077068408181828335,1.0
UCF52,14940,dorm,0.19771590599202776,0.5501338688085676
UCF52,14940,dorm (legacy label),0.010920484401800601,1.0
UCF52,14940,dorm (missing counted),0.14492258263893706,1.0
UCF52,14940,gender,0.02875899465478372,0.9685408299866132
UCF52,14940,high_school,0.1441865013458901,0.9106425702811245
UCF52,14940,major,0.03445467091059142,0.9275100401606425
UCF52,14940,minor,0.014173373386608675,0.45629183400267737
UCF52,14940,status,0.12512677875910055,1.0
UCF52,14940,year,0.3124651700952367,0.805756358768407
UCF52,14940,year (legacy label),0.14492258263893706,1.0
UCF52,14940,year (missing counted),0.21198212872044653,1.0
UCSD34,14948,degree,0.03435541158791414,1.0
UCSD34,14948,dorm,0.3487887258880999,0.7337436446347337
UCSD34,14948,dorm (legacy label),0.01927722521615108,1.0
UCSD34,14948,dorm (missing counted),0.24659323062467567,1.0
UCSD34,14948,gender,0.03045431736456882,0.929020604763179
UCSD34,14948,high_school,0.0931353052041983,0.8752341450361253
UCSD34,14948,major,0.0353694334757381,0.9042012309339043
UCSD34,14948,minor,0.01688182208597608,0.4256087770939256
UCSD34,14948,status,0.2363469786770082,1.0
UCSD34,14948,year,0.46907326046884246,0.8332887342788333
UCSD34,14948,year (legacy label),0.24659323062467567,1.0
UCSD34,14948,year (missing counted),0.3559131301254989,1.0
Harvard1,15126,degree,0.14505488767109853,1.0
Harvard1,15126,dorm,0.14679393000555643,0.7705936797567103
Harvard1,15126,dorm (legacy label),0.025226846211301564,1.0
Harvard1,15126,dorm (missing counted),0.12567663504955817,1.0
Harvard1,15126,gender,0.058153399438044456,0.8638767684781171
Harvard1,15126,high_school,0.023131833191907345,0.7036890122967077
Harvard1,15126,major,0.056295316795440524,0.7941293137643792
Harvard1,15126,minor,0.03436512032343675,0.16732777998148882
Harvard1,15126,status,0.542778657256479,0.9997355546740712
Harvard1,15126,year,0.4798079334486071,0.8267222001851118
Harvard1,15126,year (legacy label),0.12567663504955817,1.0
Harvard1,15126,year (missing counted),0.4211596421160827,1.0
MU78,15436,degree,0.1584601886476691,1.0
MU78,15436,dorm,0.32594033051472915,0.555713915522156
MU78,15436,dorm (legacy label),0.01506600438882452,1.0
MU78,15436,dorm (missing counted),0.23560581072167686,1.0
MU78,15436,gender,0.12116572925934069,0.9392329619072298
MU78,15436,high_school,0.08566113083509472,0.8995853848147188
MU78,15436,major,0.05047597981687414,0.9245918631769888
MU78,15436,minor,0.01770169683486349,0.4564654055454781
MU78,15436,status,0.3231575902208238,0.9999352163772999
MU78,15436,year,0.5028902811574384,0.8798263798911635
MU78,15436,year (legacy label),0.23560581072167686,1.0
MU78,15436,year (missing counted),0.41718149026169227,1.0
UMass92,16516,degree,-0.0013735847494946594,1.0
UMass92,16516,dorm,0.2281853872979126,0.5848873819326713
UMass92,16516,dorm (legacy label),0.02457353620101966,1.0
UMass92,16516,dorm (missing counted),0.21846226350107162,1.0
UMass92,16516,gender,-0.04614066025337692,0.9325502542988617
UMass92,16516,high_school,0.11549048090958405,0.8697626543957374
UMass92,16516,major,0.07853958065096686,0.8377936546379269
UMass92,16516,minor,0.025893294126187117,0.39053039476870915
UMass92,16516,status,0.27585954931940293,0.9998789053039477
UMass92,16516,year,0.4384012617211622,0.8859893436667474
UMass92,16516,year (legacy label),0.21846226350107162,1.0
UMass92,16516,year (missing counted),0.3597407332953388,1.0
UC33,16808,degree,0.09392939417783151,1.0
UC33,16808,dorm,0.382420786859841,0.3048548310328415
UC33,16808,dorm (legacy label),0.022545015896182467,1.0
UC33,16808,dorm (missing counted),0.21994123327561432,1.0
UC33,16808,gender,0.02051108160537995,0.9296763445978106
UC33,16808,high_school,0.1051430408764534,0.8719062351261304
UC33,16808,major,0.039336280175440594,0.8666706330318896
UC33,16808,minor,0.02383753558570661,0.4975011899095669
UC33,16808,status,0.19490365878278743,0.9998215135649691
UC33,16808,year,0.45403275923850434,0.8241908614945264
UC33,16808,year (legacy label),0.21994123327561432,1.0
UC33,16808,year (missing counted),0.3354919975319105,1.0
Tennessee95,16979,degree,0.0005228069467346088,1.0
Tennessee95,16979,dorm,0.22654235539187154,0.48848577654749986
Tennessee95,16979,dorm (legacy label),0.014788765159752366,1.0
Tennessee95,16979,dorm (missing counted),0.170043957881769,1.0
Tennessee95,16979,gender,0.05427214738617679,0.9395135166970964
Tennessee95,16979,high_school,0.1717202344592712,0.8762000117792568
Tennessee95,16979,major,0.04258944919814019,0.8692502503092054
Tennessee95,16979,minor,0.017688922443757728,0.4249955827787267
Tennessee95,16979,status,0.22582973107839047,0.9997055185817775
Tennessee95,16979,year,0.2912818763943633,0.8021084869544731
Tennessee95,16979,year (legacy label),0.170043957881769,1.0
Tennessee95,16979,year (missing counted),0.20230534671274725,1.0
UVA16,17196,degree,0.025502148797067734,1.0
UVA16,17196,dorm,0.2473619027075637,0.559606885322168
UVA16,17196,dorm (legacy label),0.020062382488606933,1.0
UVA16,17196,dorm (missing counted),0.17220033430848908,1.0
UVA16,17196,gender,0.0967097052958636,0.914805768783438
UVA16,17196,high_school,0.08038737920084348,0.7977436613165853
UVA16,17196,major,0.05283515938415467,0.8222842521516632
UVA16,17196,minor,0.018725613698052642,0.47801814375436147
UVA16,17196,status,0.3950493330421924,0.9999418469411491
UVA16,17196,year,0.45701688852012795,0.8873575250058153
UVA16,17196,year (legacy label),0.17220033430848908,1.0
UVA16,17196,year (missing counted),0.3998142626426806,1.0
UConn91,17212,degree,0.08862091474478155,1.0
UConn91,17212,dorm,0.12621160038956628,0.6501278178015338
UConn91,17212,dorm (legacy label),0.01683854352618869,1.0
UConn91,17212,dorm (missing counted),0.10843588732595687,1.0
UConn91,17212,gender,0.011769580563510703,0.9349872182198466
UConn91,17212,high_school,0.14734400932840086,0.8713107134557285
UConn91,17212,major,0.05295337890231978,0.8450499651405996
UConn91,17212,minor,0.01802470303090554,0.3595747153148966
UConn91,17212,status,0.24634235734584628,0.9998838019986056
UConn91,17212,year,0.40677729220283076,0.8366256100395073
UConn91,17212,year (legacy label),0.10843588732595687,1.0
UConn91,17212,year (missing counted),0.30473293374231153,1.0
Oklahoma97,17425,degree,0.0736732579392128,1.0
Oklahoma97,17425,dorm,0.4032676564610141,0.41354375896700146
Oklahoma97,17425,dorm (legacy label),0.01203423464492897,1.0
Oklahoma97,17425,dorm (missing counted),0.2803352437288319,1.0
Oklahoma97,17425,gender,0.11176003914629981,0.9329124820659971
Oklahoma97,17425,high_school,0.15830148851535525,0.860832137733142
Oklahoma97,17425,major,0.04115029418266154,0.9057101865136299
Oklahoma97,17425,minor,0.01655162855657892,0.48929698708751795
Oklahoma97,17425,status,0.19473150510321988,0.9999426111908178
Oklahoma97,17425,year,0.29234459455069,0.7881779053084649
Oklahoma97,17425,year (legacy label),0.2803352437288319,1.0
Oklahoma97,17425,year (missing counted),0.20116469146973573,1.0
USC35,17444,degree,0.0055060894873379135,1.0
USC35,17444,dorm,0.2366417899731694,0.5824352212795231
USC35,17444,dorm (legacy label),0.017717683937677368,1.0
USC35,17444,dorm (missing counted),0.1774312035033433,1.0
USC35,17444,gender,0.08612922919322286,0.9224948406328823
USC35,17444,high_school,0.047729067272060395,0.8284223801880303
USC35,17444,major,0.08953069520525542,0.9004242146296721
USC35,17444,minor,0.018309867068429794,0.44978216005503324
USC35,17444,status,0.27580184148323245,0.9998280210960789
USC35,17444,year,0.3803525878915789,0.8542765420775051
USC35,17444,year (legacy label),0.1774312035033433,1.0
USC35,17444,year (missing counted),0.31381306566014916,1.0
UNC28,18163,degree,6.828145736432002e-05,1.0
UNC28,18163,dorm,0.20244224295528127,0.49490722898199635
UNC28,18163,dorm (legacy label),0.017486053012849865,1.0
UNC28,18163,dorm (missing counted),0.17710666947254833,1.0
UNC28,18163,gender,0.05983411702088721,0.9262786984528988
UNC28,18163,high_school,0.1341759223172122,0.848813521995265
UNC28,18163,major,0.05114847405941147,0.8531079667455816
UNC28,18163,minor,0.020053840509079983,0.4891262456642625
UNC28,18163,status,0.2984278120215455,0.9997797720640863
UNC28,18163,year,0.39640874959727995,0.874635247481143
UNC28,18163,year (legacy label),0.17710666947254833,1.0
UNC28,18163,year (missing counted),0.32079890715227366,1.0
Auburn71,18448,degree,0.0010457492217919963,1.0
Auburn71,18448,dorm,0.38947285005629995,0.31970945359930614
Auburn71,18448,dorm (legacy label),0.012479172041019377,1.0
Auburn71,18448,dorm (missing counted),0.2404273661232268,1.0
Auburn71,18448,gender,0.09462149267551613,0.9437879444926279
Auburn71,18448,high_school,0.1503807853288239,0.8980377276669558
Auburn71,18448,major,0.04538045535587534,0.9107220294882914
Auburn71,18448,minor,0.024247004430366644,0.35337163920208153
Auburn71,18448,status,0.19214109841351637,0.9998915871639202
Auburn71,18448,year,0.2776716453807336,0.8095728534258456
Auburn71,18448,year (legacy label),0.2404273661232268,1.0
Auburn71,18448,year (missing counted),0.18847062035451273,1.0
Cornell5,18660,degree,0.018050046886142777,1.0
Cornell5,18660,dorm,0.2542558522368001,0.6017148981779207
Cornell5,18660,dorm (legacy label),0.020501829510980306,1.0
Cornell5,18660,dorm (missing counted),0.1755222232199879,1.0
Cornell5,18660,gender,0.09072376390718366,0.9015005359056806
Cornell5,18660,high_school,0.03316345890627166,0.7833869239013933
Cornell5,18660,major,0.10366543842484066,0.8618435155412647
Cornell5,18660,minor,0.0295809519984231,0.279903536977492
Cornell5,18660,status,0.4059740864347224,0.9996248660235798
Cornell5,18660,year,0.4750434122347567,0.8661307609860665
Cornell5,18660,year (legacy label),0.1755222232199879,1.0
Cornell5,18660,year (missing counted),0.39417474863963714,1.0
BU10,19700,degree,0.04536583829567461,1.0
BU10,19700,dorm,0.16527226415135032,0.7250253807106599
BU10,19700,dorm (legacy label),0.026307180592190477,1.0
BU10,19700,dorm (missing counted),0.125745899151448,1.0
BU10,19700,gender,0.02053979482349585,0.9317258883248731
BU10,19700,high_school,0.033228716308376816,0.8217258883248731
BU10,19700,major,0.0752733192038683,0.8445685279187817
BU10,19700,minor,0.0255128785205829,0.45060913705583755
BU10,19700,status,0.42256116203288097,0.999746192893401
BU10,19700,year,0.538346712868427,0.8981218274111675
BU10,19700,year (legacy label),0.125745899151448,1.0
BU10,19700,year (missing counted),0.4657652229953741,1.0
UCLA26,20467,degree,0.13606654071586202,1.0
UCLA26,20467,dorm,0.23154051456901759,0.42810377681145256
UCLA26,20467,dorm (legacy label),0.01926075878604986,1.0
UCLA26,20467,dorm (missing counted),0.19398865097258797,1.0
UCLA26,20467,gender,0.030467609338588705,0.9221185322714613
UCLA26,20467,high_school,0.08486497243097721,0.846924317193531
UCLA26,20467,major,0.05099630178650515,0.8907509649679972
UCLA26,20467,minor,0.021977919778196294,0.4348951971466263
UCLA26,20467,status,0.2479755927919046,0.999951140860898
UCLA26,20467,year,0.391279967341249,0.8319734206283286
UCLA26,20467,year (legacy label),0.19398865097258797,1.0
UCLA26,20467,year (missing counted),0.3026060644171727,1.0
Maryland58,20871,degree,0.0014223562911622539,1.0
Maryland58,20871,dorm,0.21007845586013937,0.5622155143500551
Maryland58,20871,dorm (legacy label),0.017579867651701025,1.0
Maryland58,20871,dorm (missing counted),0.16127867734331047,1.0
Maryland58,20871,gender,0.05580999104457033,0.9337837190359829
Maryland58,20871,high_school,0.14769358940527966,0.8783958602846055
Maryland58,20871,major,0.05952468535208215,0.8867327871208854
Maryland58,20871,minor,0.020563565349053504,0.37161611805855016
Maryland58,20871,status,0.279944413042216,0.9971731110152844
Maryland58,20871,year,0.4364711730452594,0.8629198409276029
Maryland58,20871,year (legacy label),0.16127867734331047,1.0
Maryland58,20871,year (missing counted),0.35234433230593576,1.0
Virginia63,21325,degree,-0.01607402577037287,1.0
Virginia63,21325,dorm,0.15204619074919476,0.6018757327080891
Virginia63,21325,dorm (legacy label),0.0180024687608195,1.0
Virginia63,21325,dorm (missing counted),0.11855193325265957,1.0
Virginia63,21325,gender,0.06709593621195009,0.9339742086752638
Virginia63,21325,high_school,0.12281547535959186,0.8731535756154748
Virginia63,21325,major,0.06029059769856881,0.8627432590855802
Virginia63,21325,minor,0.03090352624709695,0.35967174677608443
Virginia63,21325,status,0.250812225670756,0.9999062133645955
Virginia63,21325,year,0.3689893460919642,0.8561781946072685
Virginia63,21325,year (legacy label),0.11855193325265957,1.0
Virginia63,21325,year (missing counted),0.2845905961683258,1.0
NYU9,21679,degree,0.0106438599493529,1.0
NYU9,21679,dorm,0.18012544525280835,0.5414917662253794
NYU9,21679,dorm (legacy label),0.0338903047077912,1.0
NYU9,21679,dorm (missing counted),0.15744562131522238,1.0
NYU9,21679,gender,-0.0031394427186556017,0.9237510955302366
NYU9,21679,high_school,0.04084666221196824,0.8219475068038193
NYU9,21679,major,0.1268140627877062,0.837492504266802
NYU9,21679,minor,0.03170514569880046,0.5324046312099266
NYU9,21679,status,0.3479713585995165,0.999953872411089
NYU9,21679,year,0.5577483252525035,0.8631855712901887
NYU9,21679,year (legacy label),0.15744562131522238,1.0
NYU9,21679,year (missing counted),0.45224726716347446,1.0
Berkeley13,22937,degree,0.010313459088874157,1.0
Berkeley13,22937,dorm,0.2218783080374343,0.36295069102323757
Berkeley13,22937,dorm (legacy label),0.01656087594919266,1.0
Berkeley13,22937,dorm (missing counted),0.1472764407599784,1.0
Berkeley13,22937,gender,0.051320094849341504,0.9126302480708026
Berkeley13,22937,high_school,0.09385386254634413,0.8110912499455029
Berkeley13,22937,major,0.06751531252205477,0.8560840563282034
Berkeley13,22937,minor,0.024904410126091715,0.4402493787330514
Berkeley13,22937,status,0.2746368832926559,0.9998692069581898
Berkeley13,22937,year,0.3888128828609423,0.8468849457208877
Berkeley13,22937,year (legacy label),0.1472764407599784,1.0
Berkeley13,22937,year (missing counted),0.3081210158062389,1.0
Wisconsin87,23842,degree,-0.003539731627737511,1.0
Wisconsin87,23842,dorm,0.3424731461023897,0.4113748846573274
Wisconsin87,23842,dorm (legacy label),0.01812278166550659,1.0
Wisconsin87,23842,dorm (missing counted),0.21733639308106342,1.0
Wisconsin87,23842,gender,0.046712531810639536,0.9297038839023571
Wisconsin87,23842,high_school,0.14582927962713327,0.8733747168861673
Wisconsin87,23842,major,0.03952204999449446,0.8660766714201829
Wisconsin87,23842,minor,0.016272612073381185,0.4596090931968795
Wisconsin87,23842,status,0.2584999288811782,0.9998741716298968
Wisconsin87,23842,year,0.4046046291035759,0.7967032967032966
Wisconsin87,23842,year (legacy label),0.21733639308106342,1.0
Wisconsin87,23842,year (missing counted),0.28152991198201716,1.0
UGA50,24389,degree,0.08963118175600102,1.0
UGA50,24389,dorm,0.3564807956868068,0.38488662921809014
UGA50,24389,dorm (legacy label),0.019009454800447547,1.0
UGA50,24389,dorm (missing counted),0.25330968189030584,1.0
UGA50,24389,gender,0.10447764257978,0.9361187420558449
UGA50,24389,high_school,0.18347697756072812,0.9068432490056992
UGA50,24389,major,0.03496191597750985,0.9080733117388987
UGA50,24389,minor,0.01771105064345411,0.46930993480667516
UGA50,24389,status,0.3007674476089145,0.9999589979088933
UGA50,24389,year,0.36496580915058924,0.818155725942023
UGA50,24389,year (legacy label),0.25330968189030584,1.0
UGA50,24389,year (missing counted),0.26256211694586,1.0
Rutgers89,24580,degree,0.07571150473377776,1.0
Rutgers89,24580,dorm,0.23624433484772478,0.4537835638730675
Rutgers89,24580,dorm (legacy label),0.02972258234782076,1.0
Rutgers89,24580,dorm (missing counted),0.17018506142535617,1.0
Rutgers89,24580,gender,0.030872500862532702,0.9304312449145646
Rutgers89,24580,high_school,0.15390116493498196,0.850040683482506
Rutgers89,24580,major,0.06647151945352568,0.8779495524816925
Rutgers89,24580,minor,0.02497048392073415,0.536899918633035
Rutgers89,24580,status,0.2532960357835985,1.0
Rutgers89,24580,year,0.3920301725126618,0.8585028478437754
Rutgers89,24580,year (legacy label),0.17018506142535617,1.0
Rutgers89,24580,year (missing counted),0.3168432498014806,1.0
FSU53,27737,degree,0.09936155410736991,1.0
FSU53,27737,dorm,0.2525241803137731,0.5132133972671883
FSU53,27737,dorm (legacy label),0.013950027910419606,1.0
FSU53,27737,dorm (missing counted),0.18570686354606242,1.0
FSU53,27737,gender,0.03930791881905648,0.9484803691819591
FSU53,27737,high_school,0.14470639224889523,0.8915527995096802
FSU53,27737,major,0.047367358260048335,0.9183401233010059
FSU53,27737,minor,0.01405927133861114,0.5212892526228503
FSU53,27737,status,0.22224103252626767,0.9999278941486102
FSU53,27737,year,0.31389345945540537,0.8058549951328551
FSU53,27737,year (legacy label),0.18570686354606242,1.0
FSU53,27737,year (missing counted),0.21322008433094675,1.0
Indiana69,29747,degree,0.13293426270175288,1.0
Indiana69,29747,dorm,0.37129049756391674,0.44243116952970046
Indiana69,29747,dorm (legacy label),0.017084736363547896,1.0
Indiana69,29747,dorm (missing counted),0.2649724290428107,1.0
Indiana69,29747,gender,0.01508728194440491,0.928866776481662
Indiana69,29747,high_school,0.1662505027508603,0.8737015497361078
Indiana69,29747,major,0.04788433541882777,0.8984771573604061
Indiana69,29747,minor,0.017913824194915648,0.559854775271456
Indiana69,29747,status,0.2958319355090018,0.9998655326587556
Indiana69,29747,year,0.41218688115871,0.8270077654889568
Indiana69,29747,year (legacy label),0.2649724290428107,1.0
Indiana69,29747,year (missing counted),0.3130782689410229,1.0
Michigan23,30147,degree,0.11500151586718721,1.0
Michigan23,30147,dorm,0.24728747262475523,0.6059972799946927
Michigan23,30147,dorm (legacy label),0.02288441363628006,1.0
Michigan23,30147,dorm (missing counted),0.15923557528852478,1.0
Michigan23,30147,gender,0.0752772453442867,0.9216505788303977
Michigan23,30147,high_school,0.13410232581708603,0.8437323780143962
Michigan23,30147,major,0.06649800413337352,0.8327860151922247
Michigan23,30147,minor,0.019881790334507144,0.4008359040700567
Michigan23,30147,status,0.34419050047715277,0.9998673168142768
Michigan23,30147,year,0.42870025333847306,0.8369655355425084
Michigan23,30147,year (legacy label),0.15923557528852478,1.0
Michigan23,30147,year (missing counted),0.3396668569134327,1.0
UIllinois20,30809,degree,0.02785293647044474,1.0
UIllinois20,30809,dorm,0.3080542066549655,0.6094972248368983
UIllinois20,30809,dorm (legacy label),0.017431910209688827,1.0
UIllinois20,30809,dorm (missing counted),0.2113933873224222,1.0
UIllinois20,30809,gender,0.11273875650924285,0.936155019637119
UIllinois20,30809,high_school,0.1709919008155657,0.8612418449154468
UIllinois20,30809,major,0.0565817634474952,0.892012074393846
UIllinois20,30809,minor,0.024397476856295366,0.433250024343536
UIllinois20,30809,status,0.25746003398978323,0.999772793664189
UIllinois20,30809,year,0.40104525539127045,0.8699730598201824
UIllinois20,30809,year (legacy label),0.2113933873224222,1.0
UIllinois20,30809,year (missing counted),0.3330551348046943,1.0
Texas80,31560,degree,0.1638924128140446,1.0
Texas80,31560,dorm,0.2769978676911501,0.42141951837769326
Texas80,31560,dorm (legacy label),0.018846663311333313,1.0
Texas80,31560,dorm (missing counted),0.2048376043391867,1.0
Texas80,31560,gender,0.09447969406716486,0.9344740177439798
Texas80,31560,high_school,0.16580875498544478,0.8807984790874525
Texas80,31560,major,0.06655251379443132,0.9066539923954373
Texas80,31560,minor,0.022301353345336897,0.492617237008872
Texas80,31560,status,0.2886427573381604,0.9999049429657795
Texas80,31560,year,0.3377135780171738,0.8217680608365019
Texas80,31560,year (legacy label),0.2048376043391867,1.0
Texas80,31560,year (missing counted),0.2461946841617454,1.0
MSU24,32375,degree,0.009047464957528473,1.0
MSU24,32375,dorm,0.2024280687630256,0.5000772200772201
MSU24,32375,dorm (legacy label),0.013880884505734657,1.0
MSU24,32375,dorm (missing counted),0.17311498973922576,1.0
MSU24,32375,gender,0.006216264532304975,0.9346100386100387
MSU24,32375,high_school,0.2116494763285154,0.8766949806949806
MSU24,32375,major,0.04448261704125478,0.8947027027027027
MSU24,32375,minor,0.019152712747268073,0.4126023166023166
MSU24,32375,status,0.2825060938201589,0.9999073359073359
MSU24,32375,year,0.36437698537647517,0.8124169884169884
MSU24,32375,year (legacy label),0.17311498973922576,1.0
MSU24,32375,year (missing counted),0.2588816347381831,1.0
UF21,35123,degree,-0.009647878005892929,1.0
UF21,35123,dorm,0.17220458323453466,0.6322637587905361
UF21,35123,dorm (legacy label),0.014515534343286913,1.0
UF21,35123,dorm (missing counted),0.13233755460455512,1.0
UF21,35123,gender,0.08071390370405392,0.9418045155596049
UF21,35123,high_school,0.1939624543510898,0.8848048287446972
UF21,35123,major,0.04888828359160773,0.9205079292771119
UF21,35123,minor,0.015309776066996735,0.5161290322580645
UF21,35123,status,0.26177432430390685,0.9999715286279646
UF21,35123,year,0.3303737982039715,0.8154200950943826
UF21,35123,year (legacy label),0.13233755460455512,1.0
UF21,35123,year (missing counted),0.23752727978609317,1.0
Texas84,36371,degree,-0.0015042037073017549,1.0
Texas84,36371,dorm,0.31219586982706365,0.31926534876687473
Texas84,36371,dorm (legacy label),0.013038878634570003,1.0
Texas84,36371,dorm (missing counted),0.20201149658298373,1.0
Texas84,36371,gender,0.06307362201633424,0.9469357455115339
Texas84,36371,high_school,0.1492253638400575,0.8739380275494213
Texas84,36371,major,0.05917534942426792,0.9097632729372302
Texas84,36371,minor,0.026758842445012976,0.37557394627587914
Texas84,36371,status,0.20446255173266145,0.9998625278381128
Texas84,36371,year,0.30724939289562675,0.907701190508922
Texas84,36371,year (legacy label),0.20201149658298373,1.0
Texas84,36371,year (missing counted),0.2677843560559416,1.0
Penn94,41554,degree,-0.0013267112406897528,1.0
Penn94,41554,dorm,0.2438307214113188,0.35837705154738414
Penn94,41554,dorm (legacy label),0.0185199233585608,1.0
Penn94,41554,dorm (missing counted),0.19983270141047468,1.0
Penn94,41554,gender,0.020925923122989385,0.934085767916446
Penn94,41554,high_school,0.14658030377535622,0.8644895798238437
Penn94,41554,major,0.05470107702501246,0.8964720604514608
Penn94,41554,minor,0.021559574327363332,0.436083168888675
Penn94,41554,status,0.24327611199822893,0.9999518698560909
Penn94,41554,year,0.398991369974301,0.8224238340472638
Penn94,41554,year (legacy label),0.19983270141047468,1.0
Penn94,41554,year (missing counted),0.29099645302750715,1.0
