school,nodes,communities,modularity,attribute,ari,nmi
Caltech36,769,11,0.40017854402321806,dorm,0.6906787564982426,0.7020899092553647
Caltech36,769,11,0.40017854402321806,gender,0.0019734697600750964,0.009685949681855068
Caltech36,769,11,0.40017854402321806,major,0.006107162210522948,0.0867555136380262
Caltech36,769,11,0.40017854402321806,year,0.013616943154837635,0.09550693194458887
Reed98,962,5,0.3168989010366978,dorm,0.024345400345533796,0.12269068062751047
Reed98,962,5,0.3168989010366978,gender,0.0007149997565032054,0.0038591303772709815
Reed98,962,5,0.3168989010366978,major,0.0018212363279894682,0.06122881993677139
Reed98,962,5,0.3168989010366978,year,0.43039320816376014,0.45806979865386716
Haverford76,1446,5,0.33662537469022324,dorm,0.07686507743382122,0.19576603342318977
Haverford76,1446,5,0.33662537469022324,gender,0.006426095569361191,0.008401813896756887
Haverford76,1446,5,0.33662537469022324,major,0.009365325237333388,0.06135701989243736
Haverford76,1446,5,0.33662537469022324,year,0.5642578536012789,0.6158123480022046
Simmons81,1518,11,0.4788145070158563,dorm,0.18832410021379964,0.26880339544780757
Simmons81,1518,11,0.4788145070158563,gender,0.004510990990275473,0.019981811519719977
Simmons81,1518,11,0.4788145070158563,major,0.003969591891594325,0.06953070828191986
Simmons81,1518,11,0.4788145070158563,year,0.6271571511618969,0.627505482831208
Swarthmore42,1659,8,0.33632469123132513,dorm,0.06679312155509005,0.14497350672107662
Swarthmore42,1659,8,0.33632469123132513,gender,0.0013552494548601285,0.003817272637347025
Swarthmore42,1659,8,0.33632469123132513,major,0.0119848452075425,0.06221340445357529
Swarthmore42,1659,8,0.33632469123132513,year,0.4274379086844017,0.47695617008096325
Amherst41,2235,6,0.42083475450771624,dorm,0.0641268084448227,0.2530601070523476
Amherst41,2235,6,0.42083475450771624,gender,0.0019236992430573204,0.0026109980459286725
Amherst41,2235,6,0.42083475450771624,major,-0.0026746974925472644,0.03655369650191778
Amherst41,2235,6,0.42083475450771624,year,0.38745837305571135,0.5378152564523431
Bowdoin47,2252,7,0.43647544156755047,dorm,0.07827499603873164,0.24492389042410231
Bowdoin47,2252,7,0.43647544156755047,gender,0.002975766453200241,0.00512729764421229
Bowdoin47,2252,7,0.43647544156755047,major,-0.001910019768821437,0.034306608317284236
Bowdoin47,2252,7,0.43647544156755047,year,0.5629415458827479,0.6199529340835048
Hamilton46,2314,6,0.41986477575040204,dorm,0.09052311367836666,0.19562591423379777
Hamilton46,2314,6,0.41986477575040204,gender,0.00016700714708328378,0.0010908168275698528
Hamilton46,2314,6,0.41986477575040204,major,0.009766016320200075,0.05404858717623103
Hamilton46,2314,6,0.41986477575040204,year,0.4548095647377861,0.4975665506308247
Trinity100,2613,6,0.45617762124121414,dorm,0.09470559406805514,0.23084909751139274
Trinity100,2613,6,0.45617762124121414,gender,0.00022658169281422014,0.001267397659973593
Trinity100,2613,6,0.45617762124121414,major,0.013127547228970346,0.053479787873565096
Trinity100,2613,6,0.45617762124121414,year,0.618814681958573,0.6522012502812881
USFCA72,2682,12,0.42132262828994893,dorm,0.2210838824210631,0.3031267327981122
USFCA72,2682,12,0.42132262828994893,gender,0.0036369395041474586,0.006866920300711134
USFCA72,2682,12,0.42132262828994893,major,0.013182939641326032,0.05825921632127133
USFCA72,2682,12,0.42132262828994893,year,0.5328068091884688,0.4817022979735049
Williams40,2790,7,0.43472423516125774,dorm,0.10042844641611554,0.239439542169861
Williams40,2790,7,0.43472423516125774,gender,0.00046599051915287586,0.0013935149878495693
Williams40,2790,7,0.43472423516125774,major,0.006161925059072755,0.04926669400688607
Williams40,2790,7,0.43472423516125774,year,0.6654535406048606,0.6919286561419598
Oberlin44,2920,7,0.37234924086453985,dorm,0.07747689682459827,0.15539219020018052
Oberlin44,2920,7,0.37234924086453985,gender,0.000608151074519667,0.0014951785730102282
Oberlin44,2920,7,0.37234924086453985,major,0.11587582756419407,0.13682225409696322
Oberlin44,2920,7,0.37234924086453985,year,0.26530157126387066,0.3115969913048834
Smith60,2970,18,0.393740546555558,dorm,0.23791504099118146,0.49711916441714415
Smith60,2970,18,0.393740546555558,gender,0.0003022841881006196,0.004818818862323208
Smith60,2970,18,0.393740546555558,major,0.008753751740086328,0.07731171439238983
Smith60,2970,18,0.393740546555558,year,0.15356047630922598,0.1813603334099643
Wellesley22,2970,9,0.37268760974456416,dorm,0.011010093081565028,0.05745787002274917
Wellesley22,2970,9,0.37268760974456416,gender,0.006360792431045932,0.03389014615660868
Wellesley22,2970,9,0.37268760974456416,major,0.003629376515761458,0.046356889193915264
Wellesley22,2970,9,0.37268760974456416,year,0.5232525681749056,0.5502746261022774
Vassar85,3068,6,0.3937849519744723,dorm,0.0887177043566388,0.1528253719163999
Vassar85,3068,6,0.3937849519744723,gender,-0.0009807071186414312,0.0011415304088837862
Vassar85,3068,6,0.3937849519744723,major,0.0007514929622798013,0.03704853499004341
Vassar85,3068,6,0.3937849519744723,year,0.5893979900975974,0.6427505137539059
Middlebury45,3075,9,0.43099531064970215,dorm,0.022274463656593625,0.06116682338177319
Middlebury45,3075,9,0.43099531064970215,gender,0.002674150842343368,0.004328271514813146
Middlebury45,3075,9,0.43099531064970215,major,0.00934748088043411,0.04805171148848241
Middlebury45,3075,9,0.43099531064970215,year,0.49092344691833095,0.535003772357138
Pepperdine86,3445,10,0.40882858735428973,dorm,0.1260786237803143,0.29887752230269643
Pepperdine86,3445,10,0.40882858735428973,gender,0.0013140867341855794,0.002445015876339703
Pepperdine86,3445,10,0.40882858735428973,major,0.01714113260202248,0.11394460813784817
Pepperdine86,3445,10,0.40882858735428973,year,0.43976684177538866,0.47372221994603764
Colgate88,3482,6,0.4821695402288146,dorm,0.1513708812918505,0.34127762257836264
Colgate88,3482,6,0.4821695402288146,gender,0.0001194783242192317,0.0003811239645407852
Colgate88,3482,6,0.4821695402288146,major,0.007264498347665825,0.05282555968659671
Colgate88,3482,6,0.4821695402288146,year,0.5447172913714867,0.6014371444714574
Santa74,3578,9,0.4078319463618215,dorm,0.11129565764456018,0.2892652121841076
Santa74,3578,9,0.4078319463618215,gender,0.0007145057230446847,0.001149038472497128
Santa74,3578,9,0.4078319463618215,major,0.01614600628524802,0.07878181163293775
Santa74,3578,9,0.4078319463618215,year,0.33103814633725404,0.39340496451207496
Wesleyan43,3593,8,0.4449447760925013,dorm,0.09978184904325209,0.28460907526575674
Wesleyan43,3593,8,0.4449447760925013,gender,0.001426496988232551,0.0047926394183733755
Wesleyan43,3593,8,0.4449447760925013,major,0.005123052758832105,0.05242793524825078
Wesleyan43,3593,8,0.4449447760925013,year,0.459694381032662,0.47154666042944077
Mich67,3748,10,0.3991326834158777,dorm,0.11301359874267981,0.30047527418627956
Mich67,3748,10,0.3991326834158777,gender,0.004145514990048058,0.01936332321509503
Mich67,3748,10,0.3991326834158777,major,0.016315454160742458,0.07416189232939287
Mich67,3748,10,0.3991326834158777,year,0.1336836782512354,0.17487554381322298
Bucknell39,3826,7,0.4782914301567631,dorm,0.1053394439504775,0.25622731447511243
Bucknell39,3826,7,0.4782914301567631,gender,0.0018779616042540017,0.00497081099656003
Bucknell39,3826,7,0.4782914301567631,major,0.010719100392246468,0.05728560908998854
Bucknell39,3826,7,0.4782914301567631,year,0.600244592199593,0.6031505914794618
Brandeis99,3898,12,0.44363639439072144,dorm,0.25313215196119326,0.3143908812587698
Brandeis99,3898,12,0.44363639439072144,gender,0.0006796016546456669,0.0015433011820302142
Brandeis99,3898,12,0.44363639439072144,major,0.008229934436480017,0.05747497597014516
Brandeis99,3898,12,0.44363639439072144,year,0.5800422403951415,0.5520734635040098
Howard90,4047,8,0.3846394505370706,dorm,0.16860302625214807,0.2999090392157111
Howard90,4047,8,0.3846394505370706,gender,0.010971690730919215,0.007639511057417133
Howard90,4047,8,0.3846394505370706,major,0.006904521517446052,0.07129289237906841
Howard90,4047,8,0.3846394505370706,year,0.5465965787495014,0.530557937325613
Rice31,4087,12,0.42268230731641304,dorm,0.6971457294460691,0.7268096043508647
Rice31,4087,12,0.42268230731641304,gender,-0.00014187141266884626,0.0009892449262410177
Rice31,4087,12,0.42268230731641304,major,0.009340851408665977,0.0476561715540362
Rice31,4087,12,0.42268230731641304,year,0.014223196474467414,0.03378898097377713
Rochester38,4563,10,0.49160760380807655,dorm,0.23297118868316427,0.38735751178273437
Rochester38,4563,10,0.49160760380807655,gender,0.002024600450950411,0.003274169458296242
Rochester38,4563,10,0.49160760380807655,major,0.03676643935022578,0.1434175215454978
Rochester38,4563,10,0.49160760380807655,year,0.37242080172320974,0.40618953149533826
Lehigh96,5075,8,0.46573943279617513,dorm,0.1378123736983691,0.39032906768466485
Lehigh96,5075,8,0.46573943279617513,gender,0.004550359762928682,0.006843302703258464
Lehigh96,5075,8,0.46573943279617513,major,0.01957348170307786,0.06199708756443453
Lehigh96,5075,8,0.46573943279617513,year,0.3962951462192793,0.39204579341357115
Johns Hopkins55,5180,19,0.44619908764034016,dorm,0.0790817814230433,0.2592850858643828
Johns Hopkins55,5180,19,0.44619908764034016,gender,0.0023637829876227913,0.006700684579843994
Johns Hopkins55,5180,19,0.44619908764034016,major,0.03512369471121292,0.12137787603262563
Johns Hopkins55,5180,19,0.44619908764034016,year,0.34888219122882197,0.3516496373746465
Wake73,5372,13,0.43865891910437516,dorm,0.16659776914586985,0.402642800179094
Wake73,5372,13,0.43865891910437516,gender,0.00288921096076727,0.014125905956408507
Wake73,5372,13,0.43865891910437516,major,0.011385050717438153,0.060820011335941275
Wake73,5372,13,0.43865891910437516,year,0.33309616450807134,0.31242686722077606
American75,6386,20,0.41923831644549525,dorm,0.1153175726447297,0.26416248486325294
American75,6386,20,0.41923831644549525,gender,0.0006459692686150574,0.002096181105823471
American75,6386,20,0.41923831644549525,major,0.013778818894394675,0.05751929476487623
American75,6386,20,0.41923831644549525,year,0.26950832261719826,0.28393634638205745
MIT8,6440,30,0.3814036123437575,dorm,0.0947966806979792,0.3403798235343552
MIT8,6440,30,0.3814036123437575,gender,-0.0012245913531032887,0.011614628677522165
MIT8,6440,30,0.3814036123437575,major,0.008929567567725243,0.04898893959430271
MIT8,6440,30,0.3814036123437575,year,0.21772783922816233,0.21822520621994776
William77,6472,10,0.4216680218266876,dorm,0.08475573067949232,0.2764242989123837
William77,6472,10,0.4216680218266876,gender,0.0011770201191658232,0.011762990221644922
William77,6472,10,0.4216680218266876,major,0.006443167516477678,0.06254955897554373
William77,6472,10,0.4216680218266876,year,0.37063187659555746,0.3755392679955773
UChicago30,6591,31,0.38873385592326004,dorm,0.07412508318258039,0.33370529661518955
UChicago30,6591,31,0.38873385592326004,gender,6.29040755968236e-05,0.002921216772730663
UChicago30,6591,31,0.38873385592326004,major,0.009492133758692109,0.06668329002307709
UChicago30,6591,31,0.38873385592326004,year,0.2282238815702397,0.2561276806164593
Princeton12,6596,20,0.4408147928294312,dorm,0.037990528252143704,0.19256039105734096
Princeton12,6596,20,0.4408147928294312,gender,0.0006041459578018145,0.005028437458955194
Princeton12,6596,20,0.4408147928294312,major,0.010120196300205081,0.05011065312450052
Princeton12,6596,20,0.4408147928294312,year,0.5228832559753666,0.5629951366257518
Carnegie49,6637,19,0.40974008040191495,dorm,0.06595518273560635,0.2036602603691005
Carnegie49,6637,19,0.40974008040191495,gender,0.002842151009953703,0.004830605348057958
Carnegie49,6637,19,0.40974008040191495,major,0.02597481152334834,0.10299071656325591
Carnegie49,6637,19,0.40974008040191495,year,0.3035064305447474,0.29719156575866285
Tufts18,6682,15,0.42445007652628985,dorm,0.08294104604049553,0.19809304520053392
Tufts18,6682,15,0.42445007652628985,gender,0.0007639007634326534,0.004744478593466575
Tufts18,6682,15,0.42445007652628985,major,0.00603122259619644,0.05126496001635066
Tufts18,6682,15,0.42445007652628985,year,0.5588328227669614,0.556400505281994
UC64,6833,24,0.44923233630644344,dorm,0.054102621819882124,0.24620578480325028
UC64,6833,24,0.44923233630644344,gender,0.0022201260242946763,0.005864781211800301
UC64,6833,24,0.44923233630644344,major,0.01581270309994851,0.04566725111656565
UC64,6833,24,0.44923233630644344,year,0.10211840861716942,0.1801888560935216
Vermont70,7324,8,0.45654988455068535,dorm,0.05938461113724701,0.188131140675943
Vermont70,7324,8,0.45654988455068535,gender,0.0004995138045095118,0.0011041530345650159
Vermont70,7324,8,0.45654988455068535,major,0.004927387824836351,0.03754350596065651
Vermont70,7324,8,0.45654988455068535,year,0.5203252058723129,0.48935377196523994
Emory27,7460,16,0.5027673108953621,dorm,0.09476924824341425,0.33955635712356863
Emory27,7460,16,0.5027673108953621,gender,0.0009182759754444198,0.0035267723854728356
Emory27,7460,16,0.5027673108953621,major,0.007679832618827061,0.03939019054900289
Emory27,7460,16,0.5027673108953621,year,0.2702945538399833,0.3251433652800577
Dartmouth6,7694,16,0.438930397062744,dorm,0.05543080266459632,0.2567968648348347
Dartmouth6,7694,16,0.438930397062744,gender,0.0018363239484180788,0.005743123144855791
Dartmouth6,7694,16,0.438930397062744,major,0.01040199464126123,0.05165011756770081
Dartmouth6,7694,16,0.438930397062744,year,0.4490132306969954,0.4782570746541902
Tulane29,7752,15,0.459976481758735,dorm,0.17264215956141843,0.4099652302133988
Tulane29,7752,15,0.459976481758735,gender,0.0023891516555206525,0.004422465760760911
Tulane29,7752,15,0.459976481758735,major,0.015772505446405644,0.06629934908999752
Tulane29,7752,15,0.459976481758735,year,0.31162596935513276,0.3229373142214079
WashU32,7755,22,0.42828179838077907,dorm,0.07951899908534803,0.2697736523469709
WashU32,7755,22,0.42828179838077907,gender,0.0015905387947365117,0.01118925888087822
WashU32,7755,22,0.42828179838077907,major,0.010230329213868137,0.07971225417718047
WashU32,7755,22,0.42828179838077907,year,0.40842666580997494,0.4138829240969733
Villanova62,7772,17,0.5050054080410388,dorm,0.13729499929605804,0.29586502689421634
Villanova62,7772,17,0.5050054080410388,gender,-8.260843903073155e-07,0.0012005880881526033
Villanova62,7772,17,0.5050054080410388,major,0.011605189261436742,0.06596088922091334
Villanova62,7772,17,0.5050054080410388,year,0.7599141996366351,0.7274665307900644
Vanderbilt48,8069,16,0.4566686064636845,dorm,0.08540281815801173,0.3326887807126024
Vanderbilt48,8069,16,0.4566686064636845,gender,0.001022971233939712,0.003718625534992239
Vanderbilt48,8069,16,0.4566686064636845,major,0.01524365370303945,0.0929473521539168
Vanderbilt48,8069,16,0.4566686064636845,year,0.40807901181486944,0.4314530756861863
Yale4,8578,16,0.42904688982267614,dorm,0.005541242413695882,0.04767136464823808
Yale4,8578,16,0.42904688982267614,gender,0.000745199305130549,0.003169006280724219
Yale4,8578,16,0.42904688982267614,major,0.009244906850800134,0.055973801856387756
Yale4,8578,16,0.42904688982267614,year,0.5752459030392976,0.6048660761868355
Brown11,8600,15,0.43598085810190423,dorm,0.08547554448304649,0.2187632831085583
Brown11,8600,15,0.43598085810190423,gender,0.0010005254731077155,0.0022384603311624857
Brown11,8600,15,0.43598085810190423,major,0.005142039829526802,0.04845216910617896
Brown11,8600,15,0.43598085810190423,year,0.5286768893677722,0.5283936947391454
UCSC68,8991,15,0.5101399946907494,dorm,0.2679708085495491,0.35654104701764305
UCSC68,8991,15,0.5101399946907494,gender,0.0012166546984039206,0.0018595944099880073
UCSC68,8991,15,0.5101399946907494,major,0.013455237870326039,0.052012182851878766
UCSC68,8991,15,0.5101399946907494,year,0.1706067471291852,0.23105516272996293
Maine59,9069,11,0.44534771450721283,dorm,0.05019725433026721,0.23590127160199764
Maine59,9069,11,0.44534771450721283,gender,0.002987254718317014,0.005119191838849508
Maine59,9069,11,0.44534771450721283,major,0.01617593332974232,0.07432407576167722
Maine59,9069,11,0.44534771450721283,year,0.1102065273983804,0.1539363796826188
Georgetown15,9414,26,0.4854826538271457,dorm,0.11810840063019762,0.26277406658016284
Georgetown15,9414,26,0.4854826538271457,gender,0.0008974994900581457,0.0037182226274207536
Georgetown15,9414,26,0.4854826538271457,major,0.005940766558029636,0.06028081258480764
Georgetown15,9414,26,0.4854826538271457,year,0.6955170605342756,0.6634816865096335
Duke14,9895,15,0.45978892986654407,dorm,0.06770208620934322,0.25631115627403994
Duke14,9895,15,0.45978892986654407,gender,0.0019133670688712887,0.004087707378508912
Duke14,9895,15,0.45978892986654407,major,0.011286849111270595,0.06968438978445468
Duke14,9895,15,0.45978892986654407,year,0.4326933003527615,0.4789175793188711
