school,attribute,hidden_fraction,seed,hidden,classes,accuracy,majority_baseline
Amherst41,dorm,0.1,0,129,34,0.2558139534883721,0.031007751937984496
Amherst41,dorm,0.3,0,387,34,0.32041343669250644,0.082687338501292
Amherst41,dorm,0.5,0,645,34,0.2589147286821705,0.06356589147286822
Amherst41,dorm,0.7,0,903,33,0.21483942414174972,0.07198228128460686
Amherst41,dorm,0.9,0,1161,33,0.10680447889750215,0.07407407407407407
Amherst41,dorm,0.1,1,129,34,0.3178294573643411,0.10077519379844961
Amherst41,dorm,0.3,1,387,34,0.27648578811369506,0.07235142118863049
Amherst41,dorm,0.5,1,645,34,0.2930232558139535,0.07131782945736434
Amherst41,dorm,0.7,1,903,34,0.26135105204872644,0.07087486157253599
Amherst41,dorm,0.9,1,1161,32,0.21619293712316967,0.07579672695951765
Amherst41,dorm,0.1,2,129,34,0.3023255813953488,0.07751937984496124
Amherst41,dorm,0.3,2,387,34,0.35400516795865633,0.08527131782945736
Amherst41,dorm,0.5,2,645,34,0.33488372093023255,0.07131782945736434
Amherst41,dorm,0.7,2,903,34,0.25249169435215946,0.07087486157253599
Amherst41,dorm,0.9,2,1161,32,0.1515934539190353,0.07321274763135228
Amherst41,gender,0.1,0,203,2,0.6600985221674877,0.46798029556650245
Amherst41,gender,0.3,0,610,2,0.6081967213114754,0.49836065573770494
Amherst41,gender,0.5,0,1016,2,0.5974409448818898,0.4793307086614173
Amherst41,gender,0.7,0,1422,2,0.6174402250351617,0.49156118143459915
Amherst41,gender,0.9,0,1829,2,0.5172225259704757,0.4980863860032805
Amherst41,gender,0.1,1,203,2,0.5812807881773399,0.47783251231527096
Amherst41,gender,0.3,1,610,2,0.6131147540983607,0.48688524590163934
Amherst41,gender,0.5,1,1016,2,0.6190944881889764,0.49901574803149606
Amherst41,gender,0.7,1,1422,2,0.6251758087201125,0.49929676511954996
Amherst41,gender,0.9,1,1829,2,0.5893931109896118,0.5002733734281027
Amherst41,gender,0.1,2,203,2,0.6157635467980296,0.4876847290640394
Amherst41,gender,0.3,2,610,2,0.6377049180327868,0.4934426229508197
Amherst41,gender,0.5,2,1016,2,0.6003937007874016,0.48523622047244097
Amherst41,gender,0.7,2,1422,2,0.5879043600562588,0.4964838255977497
Amherst41,gender,0.9,2,1829,2,0.5363586659376709,0.49480590486604703
Amherst41,major,0.1,0,165,29,0.18787878787878787,0.13333333333333333
Amherst41,major,0.3,0,496,28,0.2157258064516129,0.11290322580645161
Amherst41,major,0.5,0,826,28,0.16707021791767554,0.08353510895883777
Amherst41,major,0.7,0,1157,29,0.1633535004321521,0.09853068280034573
Amherst41,major,0.9,0,1488,25,0.09744623655913978,0.08602150537634409
Amherst41,major,0.1,1,165,29,0.24242424242424243,0.1696969696969697
Amherst41,major,0.3,1,496,29,0.18346774193548387,0.12298387096774194
Amherst41,major,0.5,1,826,29,0.19612590799031476,0.12953995157384987
Amherst41,major,0.7,1,1157,29,0.15384615384615385,0.11840968020743302
Amherst41,major,0.9,1,1488,28,0.09475806451612903,0.09475806451612903
Amherst41,major,0.1,2,165,29,0.15757575757575756,0.10909090909090909
Amherst41,major,0.3,2,496,29,0.20766129032258066,0.1350806451612903
Amherst41,major,0.5,2,826,28,0.1900726392251816,0.12832929782082325
Amherst41,major,0.7,2,1157,28,0.14433880726015558,0.1132238547968885
Amherst41,major,0.9,2,1488,28,0.1350806451612903,0.1196236559139785
Amherst41,year,0.1,0,202,15,0.9306930693069307,0.18811881188118812
Amherst41,year,0.3,0,606,12,0.8811881188118812,0.1716171617161716
Amherst41,year,0.5,0,1010,13,0.8544554455445544,0.16435643564356436
Amherst41,year,0.7,0,1415,14,0.8367491166077738,0.18939929328621907
Amherst41,year,0.9,0,1819,10,0.5970313358988455,0.18361737218251786
Amherst41,year,0.1,1,202,14,0.8663366336633663,0.16831683168316833
Amherst41,year,0.3,1,606,14,0.8960396039603961,0.17656765676567657
Amherst41,year,0.5,1,1010,14,0.8673267326732673,0.18316831683168316
Amherst41,year,0.7,1,1415,9,0.8197879858657244,0.17526501766784452
Amherst41,year,0.9,1,1819,10,0.6888400219901044,0.1874656404617922
Amherst41,year,0.1,2,202,14,0.8861386138613861,0.1782178217821782
Amherst41,year,0.3,2,606,14,0.8811881188118812,0.18646864686468648
Amherst41,year,0.5,2,1010,13,0.8752475247524752,0.16633663366336635
Amherst41,year,0.7,2,1415,13,0.8381625441696113,0.18374558303886926
Amherst41,year,0.9,2,1819,8,0.5579989004947774,0.1863661352391424
Bowdoin47,dorm,0.1,0,158,39,0.4050632911392405,0.12025316455696203
Bowdoin47,dorm,0.3,0,472,39,0.3855932203389831,0.13347457627118645
Bowdoin47,dorm,0.5,0,788,39,0.33883248730964466,0.12436548223350254
Bowdoin47,dorm,0.7,0,1102,38,0.3121597096188748,0.13520871143375682
Bowdoin47,dorm,0.9,0,1418,30,0.22355430183356842,0.1304654442877292
Bowdoin47,dorm,0.1,1,158,38,0.37341772151898733,0.12025316455696203
Bowdoin47,dorm,0.3,1,472,39,0.4025423728813559,0.1440677966101695
Bowdoin47,dorm,0.5,1,788,39,0.366751269035533,0.13578680203045684
Bowdoin47,dorm,0.7,1,1102,37,0.29310344827586204,0.12704174228675136
Bowdoin47,dorm,0.9,1,1418,31,0.2566995768688293,0.1325811001410437
Bowdoin47,dorm,0.1,2,158,39,0.46835443037974683,0.1518987341772152
Bowdoin47,dorm,0.3,2,472,38,0.3834745762711864,0.1271186440677966
Bowdoin47,dorm,0.5,2,788,39,0.39213197969543145,0.1383248730964467
Bowdoin47,dorm,0.7,2,1102,36,0.35934664246823955,0.13520871143375682
Bowdoin47,dorm,0.9,2,1418,30,0.23624823695345556,0.12905500705218617
Bowdoin47,gender,0.1,0,205,2,0.5853658536585366,0.5073170731707317
Bowdoin47,gender,0.3,0,616,2,0.6055194805194806,0.4594155844155844
Bowdoin47,gender,0.5,0,1026,2,0.6159844054580896,0.4746588693957115
Bowdoin47,gender,0.7,0,1437,2,0.5803757828810021,0.49617258176757134
Bowdoin47,gender,0.9,0,1848,2,0.5265151515151515,0.5113636363636364
Bowdoin47,gender,0.1,1,205,2,0.6146341463414634,0.5219512195121951
Bowdoin47,gender,0.3,1,616,2,0.5974025974025974,0.5146103896103896
Bowdoin47,gender,0.5,1,1026,2,0.6052631578947368,0.5175438596491229
Bowdoin47,gender,0.7,1,1437,2,0.6040361864996521,0.4836464857341684
Bowdoin47,gender,0.9,1,1848,2,0.5979437229437229,0.5086580086580087
Bowdoin47,gender,0.1,2,205,2,0.6439024390243903,0.4975609756097561
Bowdoin47,gender,0.3,2,616,2,0.6168831168831169,0.5048701298701299
Bowdoin47,gender,0.5,2,1026,2,0.601364522417154,0.5019493177387915
Bowdoin47,gender,0.7,2,1437,2,0.5901183020180932,0.5024356297842728
Bowdoin47,gender,0.9,2,1848,2,0.5189393939393939,0.5064935064935064
Bowdoin47,major,0.1,0,164,40,0.17682926829268292,0.1524390243902439
Bowdoin47,major,0.3,0,491,39,0.1894093686354379,0.15682281059063136
Bowdoin47,major,0.5,0,819,39,0.1855921855921856,0.1746031746031746
Bowdoin47,major,0.7,0,1147,37,0.17000871839581516,0.16041848299912817
Bowdoin47,major,0.9,0,1474,31,0.1546811397557666,0.15739484396200815
Bowdoin47,major,0.1,1,164,41,0.21951219512195122,0.18902439024390244
Bowdoin47,major,0.3,1,491,41,0.17515274949083504,0.1446028513238289
Bowdoin47,major,0.5,1,819,39,0.17582417582417584,0.16971916971916973
Bowdoin47,major,0.7,1,1147,37,0.17523975588491716,0.16303400174367916
Bowdoin47,major,0.9,1,1474,30,0.15671641791044777,0.1587516960651289
Bowdoin47,major,0.1,2,164,41,0.21341463414634146,0.17682926829268292
Bowdoin47,major,0.3,2,491,40,0.1955193482688391,0.164969450101833
Bowdoin47,major,0.5,2,819,38,0.1746031746031746,0.15262515262515264
Bowdoin47,major,0.7,2,1147,36,0.14646904969485613,0.14734088927637315
Bowdoin47,major,0.9,2,1474,33,0.1621438263229308,0.09226594301221167
Bowdoin47,year,0.1,0,205,18,0.9073170731707317,0.15609756097560976
Bowdoin47,year,0.3,0,614,18,0.9136807817589576,0.18241042345276873
Bowdoin47,year,0.5,0,1024,16,0.9287109375,0.20703125
Bowdoin47,year,0.7,0,1433,9,0.875785066294487,0.20237264480111655
Bowdoin47,year,0.9,0,1842,8,0.6905537459283387,0.1986970684039088
Bowdoin47,year,0.1,1,205,17,0.9024390243902439,0.2048780487804878
Bowdoin47,year,0.3,1,614,14,0.9071661237785016,0.16449511400651465
Bowdoin47,year,0.5,1,1024,14,0.89453125,0.1953125
Bowdoin47,year,0.7,1,1433,11,0.8520586182833217,0.16957431960921143
Bowdoin47,year,0.9,1,1842,9,0.6921824104234527,0.1970684039087948
Bowdoin47,year,0.1,2,205,18,0.9121951219512195,0.1902439024390244
Bowdoin47,year,0.3,2,614,15,0.9332247557003257,0.20684039087947884
Bowdoin47,year,0.5,2,1024,15,0.904296875,0.201171875
Bowdoin47,year,0.7,2,1433,12,0.8729937194696441,0.19748778785764132
Bowdoin47,year,0.9,2,1842,8,0.8110749185667753,0.1791530944625407
Caltech36,dorm,0.1,0,60,8,0.8833333333333333,0.15
Caltech36,dorm,0.3,0,179,8,0.8379888268156425,0.07262569832402235
Caltech36,dorm,0.5,0,298,8,0.8456375838926175,0.12751677852348994
Caltech36,dorm,0.7,0,418,8,0.777511961722488,0.16028708133971292
Caltech36,dorm,0.9,0,537,8,0.4171322160148976,0.1452513966480447
Caltech36,dorm,0.1,1,60,8,0.8,0.1
Caltech36,dorm,0.3,1,179,8,0.88268156424581,0.1564245810055866
Caltech36,dorm,0.5,1,298,8,0.8422818791946308,0.1476510067114094
Caltech36,dorm,0.7,1,418,8,0.8038277511961722,0.16507177033492823
Caltech36,dorm,0.9,1,537,8,0.4264432029795158,0.16387337057728119
Caltech36,dorm,0.1,2,60,8,0.9,0.2
Caltech36,dorm,0.3,2,179,8,0.88268156424581,0.15083798882681565
Caltech36,dorm,0.5,2,298,8,0.8221476510067114,0.15100671140939598
Caltech36,dorm,0.7,2,418,8,0.7942583732057417,0.1339712918660287
Caltech36,dorm,0.9,2,537,8,0.4543761638733706,0.1191806331471136
Caltech36,gender,0.1,0,70,2,0.5857142857142857,0.6285714285714286
Caltech36,gender,0.3,0,211,2,0.6777251184834123,0.7061611374407583
Caltech36,gender,0.5,0,352,2,0.6647727272727273,0.6875
Caltech36,gender,0.7,0,492,2,0.6605691056910569,0.6707317073170732
Caltech36,gender,0.9,0,633,2,0.6666666666666666,0.6682464454976303
Caltech36,gender,0.1,1,70,2,0.5857142857142857,0.6142857142857143
Caltech36,gender,0.3,1,211,2,0.6445497630331753,0.6492890995260664
Caltech36,gender,0.5,1,352,2,0.6278409090909091,0.6818181818181818
Caltech36,gender,0.7,1,492,2,0.6686991869918699,0.6849593495934959
Caltech36,gender,0.9,1,633,2,0.6635071090047393,0.6761453396524486
Caltech36,gender,0.1,2,70,2,0.6857142857142857,0.7142857142857143
Caltech36,gender,0.3,2,211,2,0.6018957345971564,0.6445497630331753
Caltech36,gender,0.5,2,352,2,0.6477272727272727,0.6647727272727273
Caltech36,gender,0.7,2,492,2,0.6565040650406504,0.6747967479674797
Caltech36,gender,0.9,2,633,2,0.6714060031595577,0.6777251184834123
Caltech36,major,0.1,0,69,29,0.2608695652173913,0.07246376811594203
Caltech36,major,0.3,0,208,30,0.20192307692307693,0.09615384615384616
Caltech36,major,0.5,0,346,29,0.2138728323699422,0.11560693641618497
Caltech36,major,0.7,0,484,26,0.15289256198347106,0.11983471074380166
Caltech36,major,0.9,0,623,20,0.1508828250401284,0.12359550561797752
Caltech36,major,0.1,1,69,29,0.30434782608695654,0.13043478260869565
Caltech36,major,0.3,1,208,30,0.2548076923076923,0.1346153846153846
Caltech36,major,0.5,1,346,25,0.23410404624277456,0.13005780346820808
Caltech36,major,0.7,1,484,25,0.1921487603305785,0.11776859504132231
Caltech36,major,0.9,1,623,20,0.14446227929373998,0.11717495987158909
Caltech36,major,0.1,2,69,28,0.2753623188405797,0.08695652173913043
Caltech36,major,0.3,2,208,29,0.25,0.10576923076923077
Caltech36,major,0.5,2,346,27,0.20809248554913296,0.11560693641618497
Caltech36,major,0.7,2,484,26,0.1756198347107438,0.11983471074380166
Caltech36,major,0.9,2,623,18,0.11717495987158909,0.12359550561797752
Caltech36,year,0.1,0,66,17,0.7575757575757576,0.19696969696969696
Caltech36,year,0.3,0,196,16,0.7091836734693877,0.29081632653061223
Caltech36,year,0.5,0,328,13,0.5975609756097561,0.2621951219512195
Caltech36,year,0.7,0,458,11,0.5917030567685589,0.27292576419213976
Caltech36,year,0.9,0,590,7,0.4288135593220339,0.2288135593220339
Caltech36,year,0.1,1,66,17,0.7424242424242424,0.25757575757575757
Caltech36,year,0.3,1,196,15,0.6836734693877551,0.23469387755102042
Caltech36,year,0.5,1,328,11,0.6646341463414634,0.2530487804878049
Caltech36,year,0.7,1,458,11,0.5305676855895196,0.26200873362445415
Caltech36,year,0.9,1,590,9,0.2593220338983051,0.25254237288135595
Caltech36,year,0.1,2,66,16,0.6666666666666666,0.21212121212121213
Caltech36,year,0.3,2,196,13,0.7397959183673469,0.29081632653061223
Caltech36,year,0.5,2,328,13,0.6158536585365854,0.2682926829268293
Caltech36,year,0.7,2,458,11,0.5676855895196506,0.27292576419213976
Caltech36,year,0.9,2,590,9,0.288135593220339,0.26101694915254237
Hamilton46,dorm,0.1,0,158,26,0.43670886075949367,0.10759493670886076
Hamilton46,dorm,0.3,0,473,26,0.38054968287526425,0.1543340380549683
Hamilton46,dorm,0.5,0,788,25,0.3096446700507614,0.15736040609137056
Hamilton46,dorm,0.7,0,1103,26,0.2828649138712602,0.14959202175883954
Hamilton46,dorm,0.9,0,1418,23,0.19322990126939352,0.08039492242595205
Hamilton46,dorm,0.1,1,158,26,0.34177215189873417,0.15822784810126583
Hamilton46,dorm,0.3,1,473,26,0.3657505285412262,0.15010570824524314
Hamilton46,dorm,0.5,1,788,26,0.3401015228426396,0.13705583756345177
Hamilton46,dorm,0.7,1,1103,26,0.3445149592021759,0.1613780598368087
Hamilton46,dorm,0.9,1,1418,23,0.229901269393512,0.08321579689703808
Hamilton46,dorm,0.1,2,158,26,0.35443037974683544,0.13291139240506328
Hamilton46,dorm,0.3,2,473,26,0.3953488372093023,0.1522198731501057
Hamilton46,dorm,0.5,2,788,26,0.3870558375634518,0.1598984771573604
Hamilton46,dorm,0.7,2,1103,26,0.3563009972801451,0.15049864007252947
Hamilton46,dorm,0.9,2,1418,23,0.18758815232722145,0.14456981664315938
Hamilton46,gender,0.1,0,213,2,0.6995305164319249,0.5305164319248826
Hamilton46,gender,0.3,0,639,2,0.6807511737089202,0.5492957746478874
Hamilton46,gender,0.5,0,1066,2,0.6651031894934334,0.5196998123827392
Hamilton46,gender,0.7,0,1492,2,0.6300268096514745,0.5294906166219839
Hamilton46,gender,0.9,0,1918,2,0.5318039624608968,0.5245046923879041
Hamilton46,gender,0.1,1,213,2,0.6666666666666666,0.5539906103286385
Hamilton46,gender,0.3,1,639,2,0.6744913928012519,0.5258215962441315
Hamilton46,gender,0.5,1,1066,2,0.6716697936210131,0.5356472795497186
Hamilton46,gender,0.7,1,1492,2,0.6146112600536193,0.532171581769437
Hamilton46,gender,0.9,1,1918,2,0.5724713242961418,0.5286757038581856
Hamilton46,gender,0.1,2,213,2,0.6384976525821596,0.5258215962441315
Hamilton46,gender,0.3,2,639,2,0.676056338028169,0.5352112676056338
Hamilton46,gender,0.5,2,1066,2,0.650093808630394,0.5337711069418386
Hamilton46,gender,0.7,2,1492,2,0.6353887399463807,0.5315013404825737
Hamilton46,gender,0.9,2,1918,2,0.5396246089676746,0.5312825860271115
Hamilton46,major,0.1,0,177,47,0.1694915254237288,0.14689265536723164
Hamilton46,major,0.3,0,532,47,0.18045112781954886,0.12030075187969924
Hamilton46,major,0.5,0,886,44,0.15914221218961624,0.12415349887133183
Hamilton46,major,0.7,0,1241,43,0.14665592264302982,0.12812248186946013
Hamilton46,major,0.9,0,1596,37,0.10714285714285714,0.09837092731829573
Hamilton46,major,0.1,1,177,47,0.22033898305084745,0.14689265536723164
Hamilton46,major,0.3,1,532,46,0.16917293233082706,0.14473684210526316
Hamilton46,major,0.5,1,886,46,0.1580135440180587,0.1162528216704289
Hamilton46,major,0.7,1,1241,45,0.14585012087026591,0.14020950846091862
Hamilton46,major,0.9,1,1596,35,0.14473684210526316,0.12844611528822056
Hamilton46,major,0.1,2,177,47,0.20903954802259886,0.14689265536723164
Hamilton46,major,0.3,2,532,46,0.16165413533834586,0.12406015037593984
Hamilton46,major,0.5,2,886,46,0.17720090293453725,0.13205417607223477
Hamilton46,major,0.7,2,1241,44,0.1498791297340854,0.13376309427880742
Hamilton46,major,0.9,2,1596,33,0.13032581453634084,0.09899749373433583
Hamilton46,year,0.1,0,212,14,0.8962264150943396,0.2358490566037736
Hamilton46,year,0.3,0,635,14,0.8818897637795275,0.1889763779527559
Hamilton46,year,0.5,0,1059,12,0.8451369216241738,0.18602455146364494
Hamilton46,year,0.7,0,1483,10,0.8179366149696561,0.20701281186783546
Hamilton46,year,0.9,0,1906,7,0.7628541448058762,0.195697796432319
Hamilton46,year,0.1,1,212,14,0.8726415094339622,0.22641509433962265
Hamilton46,year,0.3,1,635,15,0.8850393700787401,0.2204724409448819
Hamilton46,year,0.5,1,1059,13,0.8564683663833805,0.18508026440037773
Hamilton46,year,0.7,1,1483,10,0.8172623061362104,0.20768712070128117
Hamilton46,year,0.9,1,1906,6,0.6248688352570829,0.1993704092339979
Hamilton46,year,0.1,2,212,14,0.8820754716981132,0.16981132075471697
Hamilton46,year,0.3,2,635,13,0.8598425196850393,0.2031496062992126
Hamilton46,year,0.5,2,1059,12,0.8706326723323891,0.18413597733711048
Hamilton46,year,0.7,2,1483,12,0.8078219824679703,0.20161834120026972
Hamilton46,year,0.9,2,1906,11,0.748688352570829,0.20828961175236096
Haverford76,dorm,0.1,0,103,15,0.5436893203883495,0.3786407766990291
Haverford76,dorm,0.3,0,308,15,0.5,0.34415584415584416
Haverford76,dorm,0.5,0,514,15,0.48249027237354086,0.3735408560311284
Haverford76,dorm,0.7,0,720,13,0.4166666666666667,0.3486111111111111
Haverford76,dorm,0.9,0,925,12,0.3816216216216216,0.37189189189189187
Haverford76,dorm,0.1,1,103,15,0.5825242718446602,0.42718446601941745
Haverford76,dorm,0.3,1,308,15,0.5162337662337663,0.37987012987012986
Haverford76,dorm,0.5,1,514,15,0.5155642023346303,0.3754863813229572
Haverford76,dorm,0.7,1,720,14,0.4486111111111111,0.36666666666666664
Haverford76,dorm,0.9,1,925,14,0.387027027027027,0.37189189189189187
Haverford76,dorm,0.1,2,103,15,0.5533980582524272,0.36893203883495146
Haverford76,dorm,0.3,2,308,15,0.5422077922077922,0.38311688311688313
Haverford76,dorm,0.5,2,514,15,0.4980544747081712,0.35992217898832685
Haverford76,dorm,0.7,2,720,15,0.4847222222222222,0.3736111111111111
Haverford76,dorm,0.9,2,925,13,0.37189189189189187,0.37405405405405406
Haverford76,gender,0.1,0,135,2,0.6814814814814815,0.5259259259259259
Haverford76,gender,0.3,0,405,2,0.6469135802469136,0.5456790123456791
Haverford76,gender,0.5,0,675,2,0.6503703703703704,0.5362962962962963
Haverford76,gender,0.7,0,945,2,0.5671957671957671,0.5343915343915344
Haverford76,gender,0.9,0,1215,2,0.5497942386831276,0.5432098765432098
Haverford76,gender,0.1,1,135,2,0.6148148148148148,0.5185185185185185
Haverford76,gender,0.3,1,405,2,0.6864197530864198,0.5456790123456791
Haverford76,gender,0.5,1,675,2,0.6444444444444445,0.5259259259259259
Haverford76,gender,0.7,1,945,2,0.5947089947089947,0.544973544973545
Haverford76,gender,0.9,1,1215,2,0.5588477366255145,0.5399176954732511
Haverford76,gender,0.1,2,135,2,0.6370370370370371,0.5481481481481482
Haverford76,gender,0.3,2,405,2,0.6765432098765433,0.5851851851851851
Haverford76,gender,0.5,2,675,2,0.6103703703703703,0.5214814814814814
Haverford76,gender,0.7,2,945,2,0.6507936507936508,0.544973544973545
Haverford76,gender,0.9,2,1215,2,0.5958847736625514,0.5440329218106996
Haverford76,major,0.1,0,110,51,0.20909090909090908,0.13636363636363635
Haverford76,major,0.3,0,330,47,0.20303030303030303,0.09696969696969697
Haverford76,major,0.5,0,550,47,0.2,0.11272727272727273
Haverford76,major,0.7,0,769,38,0.18985695708712613,0.11963589076723016
Haverford76,major,0.9,0,989,31,0.13751263902932254,0.11526794742163801
Haverford76,major,0.1,1,110,49,0.24545454545454545,0.12727272727272726
Haverford76,major,0.3,1,330,48,0.20606060606060606,0.08787878787878788
Haverford76,major,0.5,1,550,47,0.18727272727272729,0.10545454545454545
Haverford76,major,0.7,1,769,38,0.15214564369310793,0.11703511053315994
Haverford76,major,0.9,1,989,28,0.10717896865520728,0.1102123356926188
Haverford76,major,0.1,2,110,49,0.20909090909090908,0.06363636363636363
Haverford76,major,0.3,2,330,47,0.19393939393939394,0.11515151515151516
Haverford76,major,0.5,2,550,45,0.19454545454545455,0.11454545454545455
Haverford76,major,0.7,2,769,41,0.13263979193758127,0.10793237971391417
Haverford76,major,0.9,2,989,29,0.0910010111223458,0.0788675429726997
Haverford76,year,0.1,0,134,13,0.8805970149253731,0.2462686567164179
Haverford76,year,0.3,0,402,12,0.8109452736318408,0.20398009950248755
Haverford76,year,0.5,0,670,11,0.8164179104477612,0.21044776119402986
Haverford76,year,0.7,0,939,10,0.6187433439829606,0.20766773162939298
Haverford76,year,0.9,0,1207,10,0.3140016570008285,0.2187241093620547
Haverford76,year,0.1,1,134,13,0.8656716417910447,0.19402985074626866
Haverford76,year,0.3,1,402,12,0.8482587064676617,0.208955223880597
Haverford76,year,0.5,1,670,12,0.8388059701492537,0.2253731343283582
Haverford76,year,0.7,1,939,10,0.711395101171459,0.20234291799787008
Haverford76,year,0.9,1,1207,9,0.6512013256006628,0.2104391052195526
Haverford76,year,0.1,2,134,13,0.9104477611940298,0.20149253731343283
Haverford76,year,0.3,2,402,12,0.8582089552238806,0.2064676616915423
Haverford76,year,0.5,2,670,11,0.8164179104477612,0.20298507462686566
Haverford76,year,0.7,2,939,10,0.7561235356762513,0.21938232161874335
Haverford76,year,0.9,2,1207,8,0.4101077050538525,0.16570008285004142
Reed98,dorm,0.1,0,51,28,0.39215686274509803,0.11764705882352941
Reed98,dorm,0.3,0,152,28,0.46710526315789475,0.1118421052631579
Reed98,dorm,0.5,0,254,27,0.38976377952755903,0.1062992125984252
Reed98,dorm,0.7,0,355,24,0.29295774647887324,0.10704225352112676
Reed98,dorm,0.9,0,456,19,0.1600877192982456,0.09649122807017543
Reed98,dorm,0.1,1,51,28,0.35294117647058826,0.1568627450980392
Reed98,dorm,0.3,1,152,26,0.4407894736842105,0.10526315789473684
Reed98,dorm,0.5,1,254,28,0.38188976377952755,0.07480314960629922
Reed98,dorm,0.7,1,355,26,0.36901408450704226,0.061971830985915494
Reed98,dorm,0.9,1,456,16,0.20614035087719298,0.09868421052631579
Reed98,dorm,0.1,2,51,28,0.47058823529411764,0.09803921568627451
Reed98,dorm,0.3,2,152,28,0.4407894736842105,0.07894736842105263
Reed98,dorm,0.5,2,254,27,0.452755905511811,0.07874015748031496
Reed98,dorm,0.7,2,355,25,0.3267605633802817,0.08450704225352113
Reed98,dorm,0.9,2,456,20,0.13815789473684212,0.07236842105263158
Reed98,gender,0.1,0,86,2,0.5,0.5
Reed98,gender,0.3,0,260,2,0.5653846153846154,0.5153846153846153
Reed98,gender,0.5,0,432,2,0.5694444444444444,0.5833333333333334
Reed98,gender,0.7,0,606,2,0.5924092409240924,0.5907590759075908
Reed98,gender,0.9,0,778,2,0.506426735218509,0.589974293059126
Reed98,gender,0.1,1,86,2,0.4883720930232558,0.5
Reed98,gender,0.3,1,260,2,0.5846153846153846,0.5384615384615384
Reed98,gender,0.5,1,432,2,0.5717592592592593,0.5532407407407407
Reed98,gender,0.7,1,606,2,0.6006600660066007,0.5907590759075908
Reed98,gender,0.9,1,778,2,0.5629820051413882,0.589974293059126
Reed98,gender,0.1,2,86,2,0.6744186046511628,0.6395348837209303
Reed98,gender,0.3,2,260,2,0.5769230769230769,0.5384615384615384
Reed98,gender,0.5,2,432,2,0.5879629629629629,0.5949074074074074
Reed98,gender,0.7,2,606,2,0.5511551155115512,0.5924092409240924
Reed98,gender,0.9,2,778,2,0.5809768637532133,0.5758354755784062
Reed98,major,0.1,0,81,41,0.30864197530864196,0.06172839506172839
Reed98,major,0.3,0,243,41,0.24691358024691357,0.07818930041152264
Reed98,major,0.5,0,404,41,0.2301980198019802,0.0891089108910891
Reed98,major,0.7,0,566,34,0.17137809187279152,0.09010600706713781
Reed98,major,0.9,0,728,29,0.12774725274725274,0.0989010989010989
Reed98,major,0.1,1,81,42,0.2222222222222222,0.08641975308641975
Reed98,major,0.3,1,243,41,0.21810699588477367,0.10699588477366255
Reed98,major,0.5,1,404,40,0.1782178217821782,0.07920792079207921
Reed98,major,0.7,1,566,39,0.17491166077738515,0.09363957597173145
Reed98,major,0.9,1,728,27,0.12774725274725274,0.09615384615384616
Reed98,major,0.1,2,81,42,0.25925925925925924,0.07407407407407407
Reed98,major,0.3,2,243,42,0.24691358024691357,0.0823045267489712
Reed98,major,0.5,2,404,40,0.22772277227722773,0.10148514851485149
Reed98,major,0.7,2,566,33,0.1501766784452297,0.09540636042402827
Reed98,major,0.9,2,728,27,0.14423076923076922,0.09340659340659341
Reed98,year,0.1,0,82,15,0.7926829268292683,0.2804878048780488
Reed98,year,0.3,0,245,14,0.7795918367346939,0.2653061224489796
Reed98,year,0.5,0,408,11,0.7303921568627451,0.2549019607843137
Reed98,year,0.7,0,572,11,0.7132867132867133,0.263986013986014
Reed98,year,0.9,0,735,9,0.3401360544217687,0.2585034013605442
Reed98,year,0.1,1,82,16,0.7926829268292683,0.25609756097560976
Reed98,year,0.3,1,245,12,0.7428571428571429,0.22857142857142856
Reed98,year,0.5,1,408,12,0.7794117647058824,0.26715686274509803
Reed98,year,0.7,1,572,9,0.708041958041958,0.2692307692307692
Reed98,year,0.9,1,735,7,0.3115646258503401,0.2503401360544218
Reed98,year,0.1,2,82,16,0.8414634146341463,0.2926829268292683
Reed98,year,0.3,2,245,16,0.7142857142857143,0.24081632653061225
Reed98,year,0.5,2,408,11,0.7205882352941176,0.24019607843137256
Reed98,year,0.7,2,572,11,0.7342657342657343,0.263986013986014
Reed98,year,0.9,2,735,6,0.3224489795918367,0.25170068027210885
Simmons81,dorm,0.1,0,86,10,0.5116279069767442,0.2558139534883721
Simmons81,dorm,0.3,0,257,10,0.38132295719844356,0.22178988326848248
Simmons81,dorm,0.5,0,429,10,0.4755244755244755,0.26107226107226106
Simmons81,dorm,0.7,0,601,10,0.3277870216306156,0.23128119800332778
Simmons81,dorm,0.9,0,772,9,0.3134715025906736,0.13601036269430053
Simmons81,dorm,0.1,1,86,10,0.4418604651162791,0.22093023255813954
Simmons81,dorm,0.3,1,257,10,0.45525291828793774,0.26459143968871596
Simmons81,dorm,0.5,1,429,10,0.3986013986013986,0.21678321678321677
Simmons81,dorm,0.7,1,601,10,0.3427620632279534,0.23294509151414308
Simmons81,dorm,0.9,1,772,10,0.2966321243523316,0.12823834196891193
Simmons81,dorm,0.1,2,86,10,0.37209302325581395,0.2558139534883721
Simmons81,dorm,0.3,2,257,10,0.39299610894941633,0.2529182879377432
Simmons81,dorm,0.5,2,429,10,0.3986013986013986,0.2540792540792541
Simmons81,dorm,0.7,2,601,10,0.32945091514143093,0.22628951747088186
Simmons81,dorm,0.9,2,772,9,0.3121761658031088,0.2422279792746114
Simmons81,gender,0.1,0,142,2,0.9929577464788732,1.0
Simmons81,gender,0.3,0,427,2,0.9882903981264637,0.990632318501171
Simmons81,gender,0.5,0,711,2,0.9887482419127989,0.9887482419127989
Simmons81,gender,0.7,0,995,2,0.9879396984924623,0.9879396984924623
Simmons81,gender,0.9,0,1280,2,0.98984375,0.98984375
Simmons81,gender,0.1,1,142,2,0.9929577464788732,0.9929577464788732
Simmons81,gender,0.3,1,427,2,0.9812646370023419,0.9812646370023419
Simmons81,gender,0.5,1,711,2,0.9859353023909986,0.9873417721518988
Simmons81,gender,0.7,1,995,2,0.9849246231155779,0.985929648241206
Simmons81,gender,0.9,1,1280,2,0.98828125,0.9890625
Simmons81,gender,0.1,2,142,2,1.0,1.0
Simmons81,gender,0.3,2,427,2,0.9882903981264637,0.9882903981264637
Simmons81,gender,0.5,2,711,2,0.9887482419127989,0.9915611814345991
Simmons81,gender,0.7,2,995,2,0.9849246231155779,0.9849246231155779
Simmons81,gender,0.9,2,1280,2,0.9875,0.9875
Simmons81,major,0.1,0,135,53,0.34814814814814815,0.16296296296296298
Simmons81,major,0.3,0,406,53,0.2660098522167488,0.15763546798029557
Simmons81,major,0.5,0,677,51,0.258493353028065,0.15214180206794684
Simmons81,major,0.7,0,948,49,0.22257383966244726,0.14451476793248946
Simmons81,major,0.9,0,1219,34,0.140278917145201,0.140278917145201
Simmons81,major,0.1,1,135,52,0.3037037037037037,0.15555555555555556
Simmons81,major,0.3,1,406,52,0.23645320197044334,0.1354679802955665
Simmons81,major,0.5,1,677,50,0.26440177252584934,0.15952732644017725
Simmons81,major,0.7,1,948,47,0.18670886075949367,0.14135021097046413
Simmons81,major,0.9,1,1219,34,0.15504511894995898,0.07219031993437244
Simmons81,major,0.1,2,135,53,0.3037037037037037,0.16296296296296298
Simmons81,major,0.3,2,406,53,0.30049261083743845,0.1724137931034483
Simmons81,major,0.5,2,677,49,0.24519940915805022,0.155096011816839
Simmons81,major,0.7,2,948,48,0.17932489451476794,0.13924050632911392
Simmons81,major,0.9,2,1219,39,0.1689909762100082,0.14602132895816242
Simmons81,year,0.1,0,136,11,0.7867647058823529,0.22794117647058823
Simmons81,year,0.3,0,408,10,0.8357843137254902,0.2622549019607843
Simmons81,year,0.5,0,680,11,0.7867647058823529,0.2411764705882353
Simmons81,year,0.7,0,951,6,0.7728706624605678,0.2555205047318612
Simmons81,year,0.9,0,1223,5,0.6361406377759607,0.2616516762060507
Simmons81,year,0.1,1,136,11,0.8235294117647058,0.19852941176470587
Simmons81,year,0.3,1,408,11,0.8553921568627451,0.2622549019607843
Simmons81,year,0.5,1,680,8,0.8058823529411765,0.2426470588235294
Simmons81,year,0.7,1,951,7,0.786540483701367,0.26393270241850686
Simmons81,year,0.9,1,1223,6,0.6639411283728537,0.26001635322976285
Simmons81,year,0.1,2,136,11,0.8014705882352942,0.19117647058823528
Simmons81,year,0.3,2,408,10,0.8063725490196079,0.25980392156862747
Simmons81,year,0.5,2,680,11,0.8455882352941176,0.2676470588235294
Simmons81,year,0.7,2,951,8,0.8138801261829653,0.26498422712933756
Simmons81,year,0.9,2,1223,6,0.6410466067048242,0.20850367947669665
Swarthmore42,dorm,0.1,0,115,17,0.4782608695652174,0.20869565217391303
Swarthmore42,dorm,0.3,0,346,17,0.49710982658959535,0.18208092485549132
Swarthmore42,dorm,0.5,0,577,17,0.41074523396880414,0.14731369150779897
Swarthmore42,dorm,0.7,0,808,16,0.38985148514851486,0.16212871287128713
Swarthmore42,dorm,0.9,0,1039,14,0.22810394610202117,0.1751684311838306
Swarthmore42,dorm,0.1,1,115,17,0.45217391304347826,0.13043478260869565
Swarthmore42,dorm,0.3,1,346,17,0.48265895953757226,0.1791907514450867
Swarthmore42,dorm,0.5,1,577,16,0.4055459272097054,0.12998266897746968
Swarthmore42,dorm,0.7,1,808,16,0.4282178217821782,0.15965346534653466
Swarthmore42,dorm,0.9,1,1039,16,0.2030798845043311,0.17035611164581327
Swarthmore42,dorm,0.1,2,115,17,0.5217391304347826,0.24347826086956523
Swarthmore42,dorm,0.3,2,346,17,0.4797687861271676,0.15028901734104047
Swarthmore42,dorm,0.5,2,577,17,0.4783362218370884,0.1681109185441941
Swarthmore42,dorm,0.7,2,808,16,0.422029702970297,0.1806930693069307
Swarthmore42,dorm,0.9,2,1039,16,0.27045235803657364,0.17613089509143406
Swarthmore42,gender,0.1,0,152,2,0.6447368421052632,0.5394736842105263
Swarthmore42,gender,0.3,0,456,2,0.6359649122807017,0.46271929824561403
Swarthmore42,gender,0.5,0,760,2,0.6236842105263158,0.5013157894736842
Swarthmore42,gender,0.7,0,1065,2,0.6093896713615023,0.5070422535211268
Swarthmore42,gender,0.9,0,1369,2,0.5120525931336742,0.4850255661066472
Swarthmore42,gender,0.1,1,152,2,0.6776315789473685,0.5328947368421053
Swarthmore42,gender,0.3,1,456,2,0.6381578947368421,0.5021929824561403
Swarthmore42,gender,0.5,1,760,2,0.6328947368421053,0.4842105263157895
Swarthmore42,gender,0.7,1,1065,2,0.5746478873239437,0.48169014084507045
Swarthmore42,gender,0.9,1,1369,2,0.5054784514243974,0.48721694667640614
Swarthmore42,gender,0.1,2,152,2,0.7039473684210527,0.5197368421052632
Swarthmore42,gender,0.3,2,456,2,0.6403508771929824,0.5219298245614035
Swarthmore42,gender,0.5,2,760,2,0.6026315789473684,0.5052631578947369
Swarthmore42,gender,0.7,2,1065,2,0.6234741784037559,0.5098591549295775
Swarthmore42,gender,0.9,2,1369,2,0.508400292184076,0.5032870708546384
Swarthmore42,major,0.1,0,137,48,0.26277372262773724,0.12408759124087591
Swarthmore42,major,0.3,0,412,44,0.2354368932038835,0.12135922330097088
Swarthmore42,major,0.5,0,686,44,0.2565597667638484,0.12682215743440234
Swarthmore42,major,0.7,0,960,38,0.20833333333333334,0.10833333333333334
Swarthmore42,major,0.9,0,1235,25,0.10688259109311742,0.1076923076923077
Swarthmore42,major,0.1,1,137,47,0.27007299270072993,0.10948905109489052
Swarthmore42,major,0.3,1,412,45,0.22572815533980584,0.09466019417475728
Swarthmore42,major,0.5,1,686,46,0.23323615160349853,0.119533527696793
Swarthmore42,major,0.7,1,960,36,0.184375,0.10729166666666666
Swarthmore42,major,0.9,1,1235,31,0.12307692307692308,0.07206477732793522
Swarthmore42,major,0.1,2,137,48,0.2773722627737226,0.0948905109489051
Swarthmore42,major,0.3,2,412,47,0.23058252427184467,0.11165048543689321
Swarthmore42,major,0.5,2,686,41,0.22448979591836735,0.1151603498542274
Swarthmore42,major,0.7,2,960,38,0.20208333333333334,0.11770833333333333
Swarthmore42,major,0.9,2,1235,27,0.12388663967611337,0.06153846153846154
Swarthmore42,year,0.1,0,154,14,0.8831168831168831,0.18831168831168832
Swarthmore42,year,0.3,0,461,14,0.8329718004338394,0.210412147505423
Swarthmore42,year,0.5,0,768,13,0.828125,0.20182291666666666
Swarthmore42,year,0.7,0,1076,12,0.8020446096654275,0.19888475836431227
Swarthmore42,year,0.9,0,1383,10,0.5415762834417932,0.1836587129428778
Swarthmore42,year,0.1,1,154,14,0.9090909090909091,0.2012987012987013
Swarthmore42,year,0.3,1,461,14,0.8872017353579176,0.20607375271149675
Swarthmore42,year,0.5,1,768,12,0.8203125,0.18489583333333334
Swarthmore42,year,0.7,1,1076,11,0.7769516728624535,0.19144981412639406
Swarthmore42,year,0.9,1,1383,8,0.5466377440347071,0.16413593637020968
Swarthmore42,year,0.1,2,154,14,0.9025974025974026,0.19480519480519481
Swarthmore42,year,0.3,2,461,13,0.8828633405639913,0.21691973969631237
Swarthmore42,year,0.5,2,768,13,0.8697916666666666,0.21223958333333334
Swarthmore42,year,0.7,2,1076,11,0.8364312267657993,0.20724907063197026
Swarthmore42,year,0.9,2,1383,7,0.4692697035430224,0.1648590021691974
Trinity100,dorm,0.1,0,175,25,0.3485714285714286,0.07428571428571429
Trinity100,dorm,0.3,0,525,25,0.3904761904761905,0.08952380952380952
Trinity100,dorm,0.5,0,874,25,0.37414187643020597,0.09496567505720824
Trinity100,dorm,0.7,0,1224,25,0.3112745098039216,0.07107843137254902
Trinity100,dorm,0.9,0,1574,23,0.25857687420584496,0.06289707750952986
Trinity100,dorm,0.1,1,175,25,0.37714285714285717,0.08571428571428572
Trinity100,dorm,0.3,1,525,25,0.36952380952380953,0.09142857142857143
Trinity100,dorm,0.5,1,874,25,0.32723112128146453,0.08924485125858124
Trinity100,dorm,0.7,1,1224,25,0.2818627450980392,0.09313725490196079
Trinity100,dorm,0.9,1,1574,23,0.16581956797966962,0.08958068614993647
Trinity100,dorm,0.1,2,175,25,0.4,0.08
Trinity100,dorm,0.3,2,525,25,0.3923809523809524,0.0838095238095238
Trinity100,dorm,0.5,2,874,25,0.33981693363844395,0.09267734553775744
Trinity100,dorm,0.7,2,1224,25,0.33088235294117646,0.08986928104575163
Trinity100,dorm,0.9,2,1574,23,0.22236340533672172,0.09148665819567979
Trinity100,gender,0.1,0,237,2,0.6497890295358649,0.540084388185654
Trinity100,gender,0.3,0,712,2,0.5955056179775281,0.5126404494382022
Trinity100,gender,0.5,0,1187,2,0.6352148272957034,0.5240101095197978
Trinity100,gender,0.7,0,1662,2,0.5926594464500602,0.5150421179302046
Trinity100,gender,0.9,0,2137,2,0.5306504445484324,0.4819840898455779
Trinity100,gender,0.1,1,237,2,0.6286919831223629,0.5654008438818565
Trinity100,gender,0.3,1,712,2,0.6137640449438202,0.5280898876404494
Trinity100,gender,0.5,1,1187,2,0.5981465880370682,0.5172704296545914
Trinity100,gender,0.7,1,1662,2,0.6046931407942239,0.5210589651022864
Trinity100,gender,0.9,1,2137,2,0.526906878802059,0.5142723444080487
Trinity100,gender,0.1,2,237,2,0.5949367088607594,0.569620253164557
Trinity100,gender,0.3,2,712,2,0.6207865168539326,0.5042134831460674
Trinity100,gender,0.5,2,1187,2,0.598989048020219,0.506318449873631
Trinity100,gender,0.7,2,1662,2,0.562575210589651,0.5156438026474127
Trinity100,gender,0.9,2,2137,2,0.5460926532522228,0.5147402901263454
Trinity100,major,0.1,0,192,50,0.2708333333333333,0.15625
Trinity100,major,0.3,0,575,49,0.2852173913043478,0.1356521739130435
Trinity100,major,0.5,0,958,48,0.2348643006263048,0.13569937369519833
Trinity100,major,0.7,0,1342,44,0.1751117734724292,0.14456035767511177
Trinity100,major,0.9,0,1725,35,0.12,0.14492753623188406
Trinity100,major,0.1,1,192,50,0.2708333333333333,0.15625
Trinity100,major,0.3,1,575,48,0.21391304347826087,0.12521739130434784
Trinity100,major,0.5,1,958,43,0.21816283924843424,0.15031315240083507
Trinity100,major,0.7,1,1342,43,0.16542473919523099,0.14605067064083457
Trinity100,major,0.9,1,1725,32,0.10840579710144928,0.10086956521739131
Trinity100,major,0.1,2,192,51,0.23958333333333334,0.13541666666666666
Trinity100,major,0.3,2,575,48,0.26956521739130435,0.1443478260869565
Trinity100,major,0.5,2,958,47,0.2150313152400835,0.13883089770354906
Trinity100,major,0.7,2,1342,40,0.19150521609538004,0.14456035767511177
Trinity100,major,0.9,2,1725,33,0.13855072463768117,0.14028985507246378
Trinity100,year,0.1,0,240,11,0.9208333333333333,0.19166666666666668
Trinity100,year,0.3,0,721,11,0.9167822468793343,0.21220527045769763
Trinity100,year,0.5,0,1202,11,0.9151414309484193,0.1896838602329451
Trinity100,year,0.7,0,1682,10,0.8799048751486326,0.19143876337693222
Trinity100,year,0.9,0,2163,9,0.7896440129449838,0.1779935275080906
Trinity100,year,0.1,1,240,11,0.9166666666666666,0.25416666666666665
Trinity100,year,0.3,1,721,11,0.9195561719833565,0.18862690707350901
Trinity100,year,0.5,1,1202,11,0.913477537437604,0.19217970049916805
Trinity100,year,0.7,1,1682,10,0.8745541022592153,0.20214030915576695
Trinity100,year,0.9,1,2163,8,0.7286176606564956,0.20711974110032363
Trinity100,year,0.1,2,240,11,0.9291666666666667,0.23333333333333334
Trinity100,year,0.3,2,721,11,0.9209431345353676,0.21081830790568654
Trinity100,year,0.5,2,1202,11,0.9051580698835274,0.21381031613976706
Trinity100,year,0.7,2,1682,8,0.8561236623067776,0.20927467300832342
Trinity100,year,0.9,2,2163,8,0.7198335644937587,0.20665742024965325
USFCA72,dorm,0.1,0,145,21,0.6551724137931034,0.2620689655172414
USFCA72,dorm,0.3,0,434,22,0.5944700460829493,0.22811059907834103
USFCA72,dorm,0.5,0,723,21,0.5587828492392808,0.23789764868603042
USFCA72,dorm,0.7,0,1012,20,0.5306324110671937,0.23517786561264822
USFCA72,dorm,0.9,0,1301,15,0.5049961568024597,0.23520368946963874
USFCA72,dorm,0.1,1,145,22,0.6827586206896552,0.1793103448275862
USFCA72,dorm,0.3,1,434,21,0.5806451612903226,0.23963133640552994
USFCA72,dorm,0.5,1,723,21,0.5753803596127247,0.21023513139695713
USFCA72,dorm,0.7,1,1012,20,0.5365612648221344,0.23122529644268774
USFCA72,dorm,0.9,1,1301,13,0.5172943889315911,0.21445042275172943
USFCA72,dorm,0.1,2,145,22,0.5448275862068965,0.2206896551724138
USFCA72,dorm,0.3,2,434,22,0.6013824884792627,0.21428571428571427
USFCA72,dorm,0.5,2,723,17,0.5532503457814661,0.24619640387275243
USFCA72,dorm,0.7,2,1012,18,0.5355731225296443,0.2381422924901186
USFCA72,dorm,0.9,2,1301,16,0.45272867025365104,0.1813989239046887
USFCA72,gender,0.1,0,251,2,0.7131474103585658,0.6812749003984063
USFCA72,gender,0.3,0,752,2,0.6675531914893617,0.6662234042553191
USFCA72,gender,0.5,0,1254,2,0.682615629984051,0.6722488038277512
USFCA72,gender,0.7,0,1755,2,0.6706552706552706,0.67008547008547
USFCA72,gender,0.9,0,2256,2,0.6742021276595744,0.6750886524822695
USFCA72,gender,0.1,1,251,2,0.6294820717131474,0.6573705179282868
USFCA72,gender,0.3,1,752,2,0.6582446808510638,0.6648936170212766
USFCA72,gender,0.5,1,1254,2,0.6842105263157895,0.6810207336523126
USFCA72,gender,0.7,1,1755,2,0.6683760683760683,0.6712250712250712
USFCA72,gender,0.9,1,2256,2,0.6777482269503546,0.6764184397163121
USFCA72,gender,0.1,2,251,2,0.6812749003984063,0.7290836653386454
USFCA72,gender,0.3,2,752,2,0.6981382978723404,0.699468085106383
USFCA72,gender,0.5,2,1254,2,0.6762360446570973,0.6722488038277512
USFCA72,gender,0.7,2,1755,2,0.6723646723646723,0.6717948717948717
USFCA72,gender,0.9,2,2256,2,0.6799645390070922,0.6875
USFCA72,major,0.1,0,233,41,0.40772532188841204,0.24034334763948498
USFCA72,major,0.3,0,699,38,0.37625178826895567,0.2646638054363376
USFCA72,major,0.5,0,1166,35,0.31989708404802747,0.22041166380789023
USFCA72,major,0.7,0,1632,36,0.30943627450980393,0.23835784313725492
USFCA72,major,0.9,0,2098,24,0.2726406101048618,0.2359389895138227
USFCA72,major,0.1,1,233,41,0.3948497854077253,0.26609442060085836
USFCA72,major,0.3,1,699,39,0.3676680972818312,0.24177396280400573
USFCA72,major,0.5,1,1166,36,0.32847341337907376,0.22984562607204118
USFCA72,major,0.7,1,1632,33,0.32659313725490197,0.24571078431372548
USFCA72,major,0.9,1,2098,25,0.23784556720686367,0.2321258341277407
USFCA72,major,0.1,2,233,41,0.351931330472103,0.26180257510729615
USFCA72,major,0.3,2,699,40,0.33905579399141633,0.2317596566523605
USFCA72,major,0.5,2,1166,36,0.32504288164665524,0.2358490566037736
USFCA72,major,0.7,2,1632,36,0.30943627450980393,0.24080882352941177
USFCA72,major,0.9,2,2098,26,0.24928503336510963,0.23736892278360344
USFCA72,year,0.1,0,227,10,0.7665198237885462,0.21145374449339208
USFCA72,year,0.3,0,681,8,0.8002936857562408,0.27165932452276065
USFCA72,year,0.5,0,1134,8,0.7892416225749559,0.263668430335097
USFCA72,year,0.7,0,1588,7,0.7216624685138538,0.2506297229219144
USFCA72,year,0.9,0,2042,8,0.6483839373163565,0.22526934378060726
USFCA72,year,0.1,1,227,10,0.8149779735682819,0.2026431718061674
USFCA72,year,0.3,1,681,10,0.7900146842878121,0.25844346549192365
USFCA72,year,0.5,1,1134,9,0.7786596119929453,0.1966490299823633
USFCA72,year,0.7,1,1588,10,0.7455919395465995,0.2575566750629723
USFCA72,year,0.9,1,2042,7,0.7042115572967679,0.2595494613124388
USFCA72,year,0.1,2,227,10,0.7797356828193832,0.20704845814977973
USFCA72,year,0.3,2,681,10,0.8032305433186491,0.26284875183553597
USFCA72,year,0.5,2,1134,9,0.7619047619047619,0.24779541446208111
USFCA72,year,0.7,2,1588,10,0.7248110831234257,0.25692695214105793
USFCA72,year,0.9,2,2042,7,0.6523016650342801,0.257590597453477
