school,nodes,attribute,hidden,classes,accuracy,majority_baseline
Caltech36,769,dorm,119,8,0.8571428571428571,0.17647058823529413
Caltech36,769,gender,141,2,0.6170212765957447,0.6595744680851063
Caltech36,769,major,138,30,0.2391304347826087,0.10869565217391304
Caltech36,769,year,131,15,0.7480916030534351,0.1984732824427481
Reed98,962,dorm,101,28,0.44554455445544555,0.1485148514851485
Reed98,962,gender,173,2,0.5838150289017341,0.6589595375722543
Reed98,962,major,162,42,0.2839506172839506,0.08024691358024691
Reed98,962,year,163,16,0.7791411042944786,0.27607361963190186
Haverford76,1446,dorm,206,15,0.5679611650485437,0.38349514563106796
Haverford76,1446,gender,270,2,0.6518518518518519,0.5074074074074074
Haverford76,1446,major,220,49,0.2409090909090909,0.15454545454545454
Haverford76,1446,year,268,12,0.8731343283582089,0.23507462686567165
Simmons81,1518,dorm,172,10,0.5116279069767442,0.2558139534883721
Simmons81,1518,gender,284,2,0.9823943661971831,0.9859154929577465
Simmons81,1518,major,271,52,0.22509225092250923,0.12177121771217712
Simmons81,1518,year,272,10,0.875,0.22058823529411764
Swarthmore42,1659,dorm,231,17,0.4588744588744589,0.1471861471861472
Swarthmore42,1659,gender,304,2,0.6414473684210527,0.5328947368421053
Swarthmore42,1659,major,274,45,0.25547445255474455,0.12773722627737227
Swarthmore42,1659,year,307,14,0.8794788273615635,0.20846905537459284
Amherst41,2235,dorm,258,34,0.3449612403100775,0.07364341085271318
Amherst41,2235,gender,406,2,0.6083743842364532,0.4975369458128079
Amherst41,2235,major,331,29,0.19939577039274925,0.1268882175226586
Amherst41,2235,year,404,15,0.8910891089108911,0.1608910891089109
Bowdoin47,2252,dorm,315,39,0.39365079365079364,0.11746031746031746
Bowdoin47,2252,gender,411,2,0.5961070559610706,0.48418491484184917
Bowdoin47,2252,major,328,40,0.17378048780487804,0.13109756097560976
Bowdoin47,2252,year,409,17,0.9266503667481663,0.17114914425427874
Hamilton46,2314,dorm,315,26,0.41904761904761906,0.11746031746031746
Hamilton46,2314,gender,426,2,0.687793427230047,0.5211267605633803
Hamilton46,2314,major,355,46,0.19154929577464788,0.12112676056338029
Hamilton46,2314,year,424,15,0.8679245283018868,0.19811320754716982
Trinity100,2613,dorm,350,25,0.3457142857142857,0.08571428571428572
Trinity100,2613,gender,475,2,0.6147368421052631,0.5031578947368421
Trinity100,2613,major,383,50,0.2349869451697128,0.13315926892950392
Trinity100,2613,year,481,11,0.920997920997921,0.1787941787941788
USFCA72,2682,dorm,289,20,0.657439446366782,0.28027681660899656
USFCA72,2682,gender,501,2,0.6806387225548902,0.6906187624750499
USFCA72,2682,major,466,41,0.37124463519313305,0.2510729613733906
USFCA72,2682,year,454,10,0.8083700440528634,0.2643171806167401
Williams40,2790,dorm,365,32,0.4465753424657534,0.10136986301369863
Williams40,2790,gender,507,2,0.6607495069033531,0.5424063116370809
Williams40,2790,major,417,48,0.21103117505995203,0.15827338129496402
Williams40,2790,year,500,19,0.93,0.186
Oberlin44,2920,dorm,328,25,0.47865853658536583,0.13414634146341464
Oberlin44,2920,gender,530,2,0.6037735849056604,0.5716981132075472
Oberlin44,2920,major,486,69,0.30246913580246915,0.15637860082304528
Oberlin44,2920,year,496,15,0.7741935483870968,0.2399193548387097
Smith60,2970,dorm,496,39,0.8044354838709677,0.05040322580645161
Smith60,2970,gender,527,2,0.9886148007590133,0.9886148007590133
Smith60,2970,major,495,48,0.19797979797979798,0.10303030303030303
Smith60,2970,year,542,16,0.8025830258302583,0.22878228782287824
Wellesley22,2970,dorm,402,24,0.5223880597014925,0.06965174129353234
Wellesley22,2970,gender,539,2,0.9833024118738405,0.987012987012987
Wellesley22,2970,major,474,62,0.21518987341772153,0.10548523206751055
Wellesley22,2970,year,531,17,0.9246704331450094,0.23163841807909605
Vassar85,3068,dorm,478,13,0.7154811715481172,0.14853556485355648
Vassar85,3068,gender,558,2,0.5555555555555556,0.5698924731182796
Vassar85,3068,major,480,50,0.23333333333333334,0.12291666666666666
Vassar85,3068,year,569,13,0.8980667838312829,0.19332161687170474
Middlebury45,3075,dorm,446,10,0.6591928251121076,0.2242152466367713
Middlebury45,3075,gender,561,2,0.6221033868092691,0.5454545454545454
Middlebury45,3075,major,469,42,0.23880597014925373,0.15991471215351813
Middlebury45,3075,year,560,11,0.9285714285714286,0.20535714285714285
Pepperdine86,3445,dorm,281,21,0.5160142348754448,0.09608540925266904
Pepperdine86,3445,gender,656,2,0.6417682926829268,0.5792682926829268
Pepperdine86,3445,major,617,83,0.2252836304700162,0.10048622366288493
Pepperdine86,3445,year,629,13,0.8155802861685215,0.22416534181240064
Colgate88,3482,dorm,465,37,0.5483870967741935,0.11827956989247312
Colgate88,3482,gender,636,2,0.6383647798742138,0.5220125786163522
Colgate88,3482,major,528,50,0.20075757575757575,0.09848484848484848
Colgate88,3482,year,648,12,0.9382716049382716,0.17592592592592593
Santa74,3578,dorm,481,71,0.5883575883575883,0.1288981288981289
Santa74,3578,gender,680,2,0.5661764705882353,0.5455882352941176
Santa74,3578,major,608,43,0.26480263157894735,0.10197368421052631
Santa74,3578,year,657,11,0.9056316590563166,0.2831050228310502
Wesleyan43,3593,dorm,487,155,0.4517453798767967,0.1868583162217659
Wesleyan43,3593,gender,637,2,0.5635792778649922,0.5463108320251178
Wesleyan43,3593,major,551,46,0.2323049001814882,0.0925589836660617
Wesleyan43,3593,year,656,16,0.875,0.22103658536585366
Mich67,3748,dorm,360,28,0.7472222222222222,0.39444444444444443
Mich67,3748,gender,713,2,0.7096774193548387,0.7377279102384292
Mich67,3748,major,699,76,0.3805436337625179,0.23319027181688126
Mich67,3748,year,587,13,0.626916524701874,0.20442930153321975
Bucknell39,3826,dorm,540,49,0.5962962962962963,0.10555555555555556
Bucknell39,3826,gender,717,2,0.6596931659693166,0.5718270571827058
Bucknell39,3826,major,638,74,0.274294670846395,0.10031347962382445
Bucknell39,3826,year,725,12,0.8937931034482759,0.21793103448275863
Brandeis99,3898,dorm,460,11,0.4673913043478261,0.21304347826086956
Brandeis99,3898,gender,708,2,0.6059322033898306,0.5550847457627118
Brandeis99,3898,major,617,57,0.26094003241491087,0.13290113452188007
Brandeis99,3898,year,687,17,0.87627365356623,0.21542940320232898
Howard90,4047,dorm,515,29,0.4640776699029126,0.18058252427184465
Howard90,4047,gender,776,2,0.5567010309278351,0.6675257731958762
Howard90,4047,major,727,62,0.28060522696011003,0.07565337001375516
Howard90,4047,year,739,12,0.8349120433017592,0.2692828146143437
Rice31,4087,dorm,713,9,0.9326788218793829,0.10098176718092566
Rice31,4087,gender,765,2,0.5738562091503268,0.5555555555555556
Rice31,4087,major,725,46,0.2924137931034483,0.12137931034482759
Rice31,4087,year,729,20,0.8052126200274349,0.2030178326474623
Rochester38,4563,dorm,610,38,0.5508196721311476,0.20491803278688525
Rochester38,4563,gender,857,2,0.6347724620770129,0.49474912485414235
Rochester38,4563,major,794,85,0.2607052896725441,0.09697732997481108
Rochester38,4563,year,829,16,0.8492159227985525,0.23281061519903498
Lehigh96,5075,dorm,643,52,0.7013996889580093,0.09020217729393468
Lehigh96,5075,gender,948,2,0.6371308016877637,0.5411392405063291
Lehigh96,5075,major,865,69,0.2635838150289017,0.09132947976878612
Lehigh96,5075,year,926,16,0.8693304535637149,0.2505399568034557
Johns Hopkins55,5180,dorm,608,57,0.37993421052631576,0.14802631578947367
Johns Hopkins55,5180,gender,952,2,0.634453781512605,0.5430672268907563
Johns Hopkins55,5180,major,899,91,0.2825361512791991,0.09899888765294772
Johns Hopkins55,5180,year,909,21,0.8624862486248625,0.1771177117711771
Wake73,5372,dorm,682,48,0.6173020527859238,0.060117302052785926
Wake73,5372,gender,996,2,0.6987951807228916,0.5190763052208835
Wake73,5372,major,827,51,0.26964933494558646,0.18137847642079807
Wake73,5372,year,968,16,0.8884297520661157,0.2427685950413223
American75,6386,dorm,661,24,0.6883509833585476,0.18456883509833585
American75,6386,gender,1202,2,0.6123128119800333,0.6414309484193012
American75,6386,major,1150,75,0.31130434782608696,0.19130434782608696
American75,6386,year,1123,20,0.8201246660730187,0.22439893143365983
MIT8,6440,dorm,980,63,0.713265306122449,0.0653061224489796
MIT8,6440,gender,1165,2,0.6841201716738198,0.6103004291845494
MIT8,6440,major,1086,43,0.3324125230202578,0.2523020257826888
MIT8,6440,year,1060,28,0.7962264150943397,0.18679245283018867
William77,6472,dorm,764,70,0.5327225130890052,0.05759162303664921
William77,6472,gender,1192,2,0.712248322147651,0.5528523489932886
William77,6472,major,1082,56,0.2643253234750462,0.1256931608133087
William77,6472,year,1162,16,0.8493975903614458,0.22117039586919104
UChicago30,6591,dorm,699,51,0.7782546494992847,0.04005722460658083
UChicago30,6591,gender,1184,2,0.5692567567567568,0.5194256756756757
UChicago30,6591,major,1068,63,0.2556179775280899,0.13857677902621723
UChicago30,6591,year,1111,29,0.8037803780378038,0.19441944194419442
Princeton12,6596,dorm,872,56,0.3463302752293578,0.07454128440366972
Princeton12,6596,gender,1176,2,0.6581632653061225,0.5144557823129252
Princeton12,6596,major,990,40,0.24646464646464647,0.11616161616161616
Princeton12,6596,year,1161,26,0.9130060292850991,0.18001722652885443
Carnegie49,6637,dorm,741,51,0.5465587044534413,0.16194331983805668
Carnegie49,6637,gender,1219,2,0.6972928630024611,0.593929450369155
Carnegie49,6637,major,1168,41,0.464041095890411,0.11386986301369863
Carnegie49,6637,year,1145,18,0.8270742358078602,0.188646288209607
Tufts18,6682,dorm,862,54,0.4396751740139211,0.23897911832946636
Tufts18,6682,gender,1225,2,0.6122448979591837,0.5020408163265306
Tufts18,6682,major,1068,83,0.21816479400749064,0.13295880149812733
Tufts18,6682,year,1194,17,0.9003350083752094,0.1884422110552764
UC64,6833,dorm,638,48,0.6144200626959248,0.19278996865203762
UC64,6833,gender,1270,2,0.5330708661417323,0.5039370078740157
UC64,6833,major,1190,67,0.26218487394957984,0.18403361344537816
UC64,6833,year,1110,13,0.7477477477477478,0.32432432432432434
Vermont70,7324,dorm,768,44,0.578125,0.10807291666666667
Vermont70,7324,gender,1350,2,0.6081481481481481,0.6066666666666667
Vermont70,7324,major,1191,95,0.26028547439126787,0.09655751469353484
Vermont70,7324,year,1263,15,0.838479809976247,0.26920031670625494
Emory27,7460,dorm,950,68,0.6336842105263157,0.11894736842105263
Emory27,7460,gender,1383,2,0.6673897324656544,0.5798987707881417
Emory27,7460,major,1158,60,0.20207253886010362,0.1226252158894646
Emory27,7460,year,1323,19,0.8767951625094482,0.19349962207105065
Dartmouth6,7694,dorm,913,70,0.5542168674698795,0.05805038335158817
Dartmouth6,7694,gender,1331,2,0.6589030803906837,0.5281743050338091
Dartmouth6,7694,major,1162,55,0.22805507745266781,0.12478485370051635
Dartmouth6,7694,year,1277,41,0.8684416601409554,0.1793265465935787
Tulane29,7752,dorm,840,41,0.6345238095238095,0.08928571428571429
Tulane29,7752,gender,1440,2,0.6173611111111111,0.5243055555555556
Tulane29,7752,major,1288,69,0.2406832298136646,0.09549689440993789
Tulane29,7752,year,1345,19,0.8304832713754647,0.2275092936802974
WashU32,7755,dorm,1190,52,0.5252100840336135,0.2722689075630252
WashU32,7755,gender,1440,2,0.6375,0.525
WashU32,7755,major,1333,138,0.2423105776444111,0.07651912978244561
WashU32,7755,year,1383,21,0.8951554591467824,0.21547360809833696
Villanova62,7772,dorm,924,49,0.4989177489177489,0.10064935064935066
Villanova62,7772,gender,1412,2,0.6260623229461756,0.5177053824362606
Villanova62,7772,major,1288,82,0.30978260869565216,0.09472049689440994
Villanova62,7772,year,1379,14,0.9296591733139956,0.23205221174764323
Vanderbilt48,8069,dorm,1075,66,0.6120930232558139,0.052093023255813956
Vanderbilt48,8069,gender,1485,2,0.7070707070707071,0.4936026936026936
Vanderbilt48,8069,major,1372,76,0.2893586005830904,0.09110787172011661
Vanderbilt48,8069,year,1436,16,0.8948467966573816,0.20403899721448468
Yale4,8578,dorm,1337,21,0.8362004487658938,0.0912490650710546
Yale4,8578,gender,1525,2,0.6026229508196721,0.5239344262295081
Yale4,8578,major,1272,77,0.2209119496855346,0.11556603773584906
Yale4,8578,year,1479,32,0.9039891818796484,0.15956727518593644
Brown11,8600,dorm,1193,58,0.48113998323554064,0.250628667225482
Brown11,8600,gender,1534,2,0.5821382007822686,0.5052151238591917
Brown11,8600,major,1354,91,0.1912850812407681,0.0827178729689808
Brown11,8600,year,1511,28,0.8795499669093315,0.18332230311052283
UCSC68,8991,dorm,1547,10,0.8041370394311571,0.12475759534583064
UCSC68,8991,gender,1684,2,0.5700712589073634,0.5635391923990499
UCSC68,8991,major,1548,55,0.24224806201550386,0.1078811369509044
UCSC68,8991,year,1510,13,0.8172185430463577,0.247682119205298
Maine59,9069,dorm,677,52,0.552437223042836,0.05760709010339734
Maine59,9069,gender,1689,2,0.5595026642984015,0.5470692717584369
Maine59,9069,major,1546,80,0.24967658473479948,0.12483829236739974
Maine59,9069,year,1464,14,0.6994535519125683,0.2896174863387978
Georgetown15,9414,dorm,1321,15,0.5495836487509462,0.28993186979560936
Georgetown15,9414,gender,1699,2,0.5709240729841083,0.5350206003531489
Georgetown15,9414,major,1503,88,0.2435129740518962,0.0998003992015968
Georgetown15,9414,year,1677,19,0.9016100178890877,0.17412045319022063
Duke14,9895,dorm,1400,135,0.5557142857142857,0.14857142857142858
Duke14,9895,gender,1809,2,0.6760641238253179,0.5306799336650083
Duke14,9895,major,1585,65,0.2757097791798107,0.11798107255520504
Duke14,9895,year,1745,22,0.9123209169054441,0.1851002865329513
Bingham82,10004,dorm,1068,47,0.5234082397003745,0.05805243445692884
Bingham82,10004,gender,1863,2,0.5748792270531401,0.49168008588298445
Bingham82,10004,major,1650,83,0.2739393939393939,0.08969696969696969
Bingham82,10004,year,1707,14,0.7937902753368483,0.21382542472173405
Mississippi66,10521,dorm,1026,51,0.6637426900584795,0.12085769980506822
Mississippi66,10521,gender,1968,2,0.6392276422764228,0.5238821138211383
Mississippi66,10521,major,1819,55,0.24189114898295766,0.11929631665750412
Mississippi66,10521,year,1718,18,0.729336437718277,0.18568102444703144
Northwestern25,10567,dorm,1176,76,0.6836734693877551,0.0782312925170068
Northwestern25,10567,gender,1938,2,0.652734778121775,0.5180598555211559
Northwestern25,10567,major,1803,82,0.33998890737659454,0.08874098724348309
Northwestern25,10567,year,1853,22,0.8472746896923907,0.19104155423637345
Cal65,11247,dorm,951,66,0.6025236593059937,0.11251314405888538
Cal65,11247,gender,2124,2,0.5706214689265536,0.5098870056497176
Cal65,11247,major,2107,65,0.3882297104888467,0.15424774560987187
Cal65,11247,year,1671,15,0.7342908438061041,0.20406941950927587
BC17,11509,dorm,1489,33,0.47817327065144394,0.10543989254533244
BC17,11509,gender,2140,2,0.6,0.5289719626168224
BC17,11509,major,1857,52,0.23694130317716747,0.10823909531502424
BC17,11509,year,2106,27,0.9453941120607787,0.20085470085470086
Stanford3,11621,dorm,1476,94,0.453929539295393,0.056910569105691054
Stanford3,11621,gender,2062,2,0.6144519883608147,0.5557710960232783
Stanford3,11621,major,1791,77,0.25795644891122277,0.08096035734226689
Stanford3,11621,year,1894,34,0.8463569165786695,0.18109820485744457
Columbia2,11770,dorm,1315,51,0.3749049429657795,0.09049429657794676
Columbia2,11770,gender,2091,2,0.6441893830703013,0.5734098517455762
Columbia2,11770,major,1789,92,0.2364449413079933,0.09446618222470654
Columbia2,11770,year,1988,24,0.8797786720321932,0.1659959758551308
Notre Dame57,12155,dorm,1934,42,0.8004136504653567,0.052740434332988625
Notre Dame57,12155,gender,2253,2,0.7452285841100754,0.5472703062583223
Notre Dame57,12155,major,2111,120,0.2747513027001421,0.08289909995262909
Notre Dame57,12155,year,2212,31,0.9204339963833634,0.2066003616636528
GWU54,12193,dorm,1486,75,0.4576043068640646,0.1440107671601615
GWU54,12193,gender,2249,2,0.5829257447754558,0.5455758114717653
GWU54,12193,major,2047,106,0.26477772349780165,0.18563751831949193
GWU54,12193,year,2123,16,0.8676401318888366,0.2275082430522845
Baylor93,12803,dorm,1307,65,0.7237949502677888,0.09640397857689365
Baylor93,12803,gender,2408,2,0.6644518272425249,0.5793189368770764
Baylor93,12803,major,2313,122,0.27367055771725035,0.07955036748811067
Baylor93,12803,year,2236,21,0.8211091234347049,0.20214669051878353
USF51,13377,dorm,1270,79,0.5070866141732283,0.07086614173228346
USF51,13377,gender,2541,2,0.4923258559622196,0.5875639512003148
USF51,13377,major,2365,88,0.17167019027484143,0.0693446088794926
USF51,13377,year,1983,14,0.6419566313666163,0.25365607665153805
Syracuse56,13653,dorm,1518,70,0.6495388669301713,0.077733860342556
Syracuse56,13653,gender,2540,2,0.5885826771653543,0.5531496062992126
Syracuse56,13653,major,2287,99,0.34717971141233056,0.04503716659379099
Syracuse56,13653,year,2412,26,0.8648424543946932,0.2222222222222222
Temple83,13686,dorm,1107,27,0.5600722673893406,0.17073170731707318
Temple83,13686,gender,2555,2,0.5185909980430529,0.549119373776908
Temple83,13686,major,2455,155,0.2684317718940937,0.05091649694501019
Temple83,13686,year,2215,16,0.7512415349887133,0.25778781038374715
UC61,13746,dorm,1066,97,0.5928705440900562,0.16322701688555347
UC61,13746,gender,2520,2,0.5543650793650794,0.5119047619047619
UC61,13746,major,2344,87,0.2956484641638225,0.19069965870307168
UC61,13746,year,2183,11,0.7966101694915254,0.23270728355474118
Northeastern19,13882,dorm,1434,71,0.4874476987447699,0.09344490934449093
Northeastern19,13882,gender,2589,2,0.5832367709540363,0.5237543453070683
Northeastern19,13882,major,2473,78,0.40396279822078446,0.04892842701172665
Northeastern19,13882,year,2431,15,0.7774578362813657,0.1834635952283011
JMU79,14070,dorm,1873,68,0.5392418579818473,0.06887346502936466
JMU79,14070,gender,2661,2,0.6242014280345735,0.6302142051860203
JMU79,14070,major,2490,85,0.26907630522088355,0.059839357429718874
JMU79,14070,year,2507,15,0.8715596330275229,0.2588751495811727
UPenn7,14916,dorm,1582,64,0.6624525916561315,0.10303413400758533
UPenn7,14916,gender,2661,2,0.6531379180759113,0.5095828635851184
UPenn7,14916,major,2329,120,0.25032202662086733,0.11550021468441392
UPenn7,14916,year,2557,26,0.8936253421978881,0.17950723504106375
UCSB37,14935,dorm,1020,72,0.6098039215686275,0.1892156862745098
UCSB37,14935,gender,2792,2,0.5612464183381088,0.5558739255014327
UCSB37,14935,major,2591,112,0.2292551138556542,0.10729448089540718
UCSB37,14935,year,2518,17,0.8264495631453534,0.2362986497220016
UCF52,14940,dorm,1644,84,0.4811435523114355,0.12895377128953772
UCF52,14940,gender,2894,2,0.5442294402211472,0.550449205252246
UCF52,14940,major,2771,122,0.18044027426921688,0.06712378202814868
UCF52,14940,year,2408,13,0.7122093023255814,0.23795681063122923
UCSD34,14948,dorm,2194,39,0.7948951686417502,0.1731996353691887
UCSD34,14948,gender,2777,2,0.6078501980554555,0.5401512423478574
UCSD34,14948,major,2703,108,0.20236773954864964,0.072881982981872
UCSD34,14948,year,2491,21,0.825772782015255,0.24287434765154556
Harvard1,15126,dorm,2331,42,0.6958386958386958,0.08923208923208924
Harvard1,15126,gender,2613,2,0.6203597397627248,0.5154994259471871
Harvard1,15126,major,2402,59,0.2851790174854288,0.13488759367194006
Harvard1,15126,year,2501,50,0.8844462215113954,0.13714514194322272
MU78,15436,dorm,1716,86,0.7261072261072261,0.04079254079254079
MU78,15436,gender,2900,2,0.6448275862068965,0.5555172413793104
MU78,15436,major,2854,111,0.2235459004905396,0.0851436580238262
MU78,15436,year,2716,17,0.8799705449189985,0.22790868924889543
UMass92,16516,dorm,1932,73,0.6278467908902692,0.043478260869565216
UMass92,16516,gender,3080,2,0.5181818181818182,0.5279220779220779
UMass92,16516,major,2767,114,0.31080592699674736,0.08095410191543187
UMass92,16516,year,2927,16,0.8035531260676461,0.2302699009224462
UC33,16808,dorm,1025,69,0.6770731707317074,0.25365853658536586
UC33,16808,gender,3125,2,0.576,0.55136
UC33,16808,major,2913,124,0.18983865430827326,0.08513559903879163
UC33,16808,year,2771,18,0.811981234211476,0.2244677011909058
Tennessee95,16979,dorm,1659,61,0.5394816154309825,0.0753465943339361
Tennessee95,16979,gender,3190,2,0.5959247648902821,0.5272727272727272
Tennessee95,16979,major,2952,138,0.22086720867208673,0.05589430894308943
Tennessee95,16979,year,2724,22,0.7099853157121879,0.23972099853157122
UVA16,17196,dorm,1925,136,0.6332467532467533,0.06285714285714286
UVA16,17196,gender,3146,2,0.6694214876033058,0.5301970756516211
UVA16,17196,major,2828,97,0.25884016973125884,0.0830975954738331
UVA16,17196,year,3052,32,0.8610747051114024,0.19528178243774574
UConn91,17212,dorm,2238,118,0.43208221626452187,0.04870420017873101
UConn91,17212,gender,3219,2,0.5886921404162784,0.5305995650823238
UConn91,17212,major,2909,160,0.2499140598143692,0.06806462701959436
UConn91,17212,year,2880,19,0.7947916666666667,0.23993055555555556
Oklahoma97,17425,dorm,1441,58,0.739764052741152,0.14850798056904926
Oklahoma97,17425,gender,3251,2,0.6161181175023069,0.5075361427253153
Oklahoma97,17425,major,3156,155,0.23035487959442333,0.03231939163498099
Oklahoma97,17425,year,2747,25,0.7113214415726247,0.21368765926465236
USC35,17444,dorm,2032,129,0.5590551181102362,0.04675196850393701
USC35,17444,gender,3218,2,0.6435674331883158,0.4900559353635799
USC35,17444,major,3141,131,0.3629417382999045,0.18465456860872334
USC35,17444,year,2980,35,0.7869127516778524,0.2151006711409396
UNC28,18163,dorm,1798,93,0.5439377085650723,0.10400444938820912
UNC28,18163,gender,3365,2,0.6454680534918277,0.5812778603268945
UNC28,18163,major,3099,73,0.26847370119393354,0.11068086479509519
UNC28,18163,year,3177,38,0.828454516839786,0.2074283915643689
Auburn71,18448,dorm,1180,79,0.7508474576271187,0.0423728813559322
Auburn71,18448,gender,3482,2,0.5884549109707065,0.5155083285468122
Auburn71,18448,major,3360,167,0.24910714285714286,0.04672619047619048
Auburn71,18448,year,2987,19,0.7147639772346837,0.20555741546702377
Cornell5,18660,dorm,2246,132,0.6184327693677649,0.20658949243098843
Cornell5,18660,gender,3364,2,0.6572532699167658,0.5112960760998811
Cornell5,18660,major,3216,103,0.4110696517412935,0.10167910447761194
Cornell5,18660,year,3232,40,0.8471534653465347,0.1905940594059406
BU10,19700,dorm,2857,65,0.46692334616730835,0.19880994049702486
BU10,19700,gender,3671,2,0.6213565785889403,0.6074639062925633
BU10,19700,major,3328,165,0.28966346153846156,0.05859375
BU10,19700,year,3539,24,0.8748233964396722,0.23142130545351794
UCLA26,20467,dorm,1752,66,0.5388127853881278,0.1558219178082192
UCLA26,20467,gender,3775,2,0.5952317880794702,0.5652980132450331
UCLA26,20467,major,3646,193,0.2473944048272079,0.08310477235326386
UCLA26,20467,year,3406,22,0.7856723429242514,0.1978860833822666
Maryland58,20871,dorm,2347,82,0.5611418832552194,0.1342138900724329
Maryland58,20871,gender,3898,2,0.6244227809132888,0.5035915854284249
Maryland58,20871,major,3701,97,0.2758713861118617,0.07808700351256417
Maryland58,20871,year,3602,28,0.8192670738478623,0.222376457523598
Virginia63,21325,dorm,2567,90,0.4440981690689521,0.07674328009349435
Virginia63,21325,gender,3983,2,0.605824755209641,0.5706753703238765
Virginia63,21325,major,3680,72,0.27853260869565216,0.06630434782608696
Virginia63,21325,year,3652,27,0.7554764512595837,0.22316538882803943
NYU9,21679,dorm,2348,62,0.4957410562180579,0.08262350936967632
NYU9,21679,gender,4005,2,0.6062421972534332,0.6002496878901373
NYU9,21679,major,3631,109,0.3525199669512531,0.07491049297714128
NYU9,21679,year,3743,37,0.8490515629174459,0.2233502538071066
Berkeley13,22937,dorm,1665,217,0.5183183183183183,0.07147147147147147
Berkeley13,22937,gender,4187,2,0.629806544064963,0.5368999283496537
Berkeley13,22937,major,3927,106,0.2920804685510568,0.10134963076139547
Berkeley13,22937,year,3885,31,0.8005148005148005,0.2
Wisconsin87,23842,dorm,1962,75,0.6335372069317023,0.09887869520897044
Wisconsin87,23842,gender,4433,2,0.607940446650124,0.5492894202571622
Wisconsin87,23842,major,4130,261,0.19588377723970946,0.05108958837772397
Wisconsin87,23842,year,3799,39,0.7702026849170834,0.22321663595683075
UGA50,24389,dorm,1877,67,0.7165689930740543,0.09696323921150772
UGA50,24389,gender,4566,2,0.6480508103372755,0.5946123521681997
UGA50,24389,major,4429,214,0.19033641905622037,0.05080153533529013
UGA50,24389,year,3991,27,0.7712352793786018,0.19393635680280633
Rutgers89,24580,dorm,2231,112,0.575974899148364,0.06902734199910354
Rutgers89,24580,gender,4574,2,0.5946655006558811,0.5319195452557937
Rutgers89,24580,major,4316,128,0.25393883225208524,0.06556997219647823
Rutgers89,24580,year,4220,22,0.7632701421800948,0.2184834123222749
FSU53,27737,dorm,2847,134,0.5205479452054794,0.0319634703196347
FSU53,27737,gender,5262,2,0.5940706955530216,0.5912200684150513
FSU53,27737,major,5094,138,0.23125245386729484,0.04907734589713388
FSU53,27737,year,4470,31,0.7196868008948546,0.20067114093959731
Indiana69,29747,dorm,2632,96,0.7196048632218845,0.08054711246200608
Indiana69,29747,gender,5526,2,0.568222946073109,0.5370973579442635
Indiana69,29747,major,5345,152,0.23367633302151544,0.05837231057062675
Indiana69,29747,year,4920,23,0.8050813008130081,0.20670731707317072
Michigan23,30147,dorm,3654,105,0.603448275862069,0.36179529282977557
Michigan23,30147,gender,5557,2,0.6424329674284686,0.5063883390318518
Michigan23,30147,major,5021,154,0.26468830910177255,0.06293567018522207
Michigan23,30147,year,5046,44,0.8135156559651209,0.2173999207292905
UIllinois20,30809,dorm,3756,153,0.6482960596379127,0.20820021299254526
UIllinois20,30809,gender,5768,2,0.6757975034674064,0.5237517337031901
UIllinois20,30809,major,5496,168,0.2676491994177584,0.05240174672489083
UIllinois20,30809,year,5361,31,0.8265249020705092,0.2161910091400858
Texas80,31560,dorm,2660,106,0.5364661654135339,0.1800751879699248
Texas80,31560,gender,5898,2,0.6190233977619533,0.529501525940997
Texas80,31560,major,5723,125,0.3066573475449939,0.06744714310676218
Texas80,31560,year,5187,30,0.7416618469250048,0.21149026412184307
MSU24,32375,dorm,3238,118,0.567325509573811,0.03983940704138357
MSU24,32375,gender,6052,2,0.5877395902181097,0.5475875743555849
MSU24,32375,major,5793,268,0.2266528568962541,0.04281028827895736
MSU24,32375,year,5260,23,0.7536121673003803,0.21596958174904943
UF21,35123,dorm,4441,267,0.4161224949335735,0.03332582751632515
UF21,35123,gender,6616,2,0.6178960096735188,0.5516928657799275
UF21,35123,major,6466,167,0.22904423136405816,0.04871636251159914
UF21,35123,year,5728,26,0.7363826815642458,0.2115921787709497
Texas84,36371,dorm,2322,91,0.5663221360895779,0.050818260120585705
Texas84,36371,gender,6888,2,0.603513356562137,0.5137921022067363
Texas84,36371,major,6618,107,0.2981263221517075,0.061498942278634026
Texas84,36371,year,6603,46,0.7870664849310919,0.20021202483719522
Penn94,41554,dorm,2978,166,0.5715245130960376,0.07387508394895903
Penn94,41554,gender,7763,2,0.579415174545923,0.5229936880072137
Penn94,41554,major,7450,270,0.24335570469798656,0.04389261744966443
Penn94,41554,year,6835,35,0.7821506949524506,0.2204828090709583
