school,nodes,method,seed,hidden_edges,auc_sampled
Caltech36,769,adamic_adar,0,1666,0.9424536921611381
Caltech36,769,common_neighbors,0,1666,0.9380684446647807
Caltech36,769,jaccard,0,1666,0.9395376998338351
Caltech36,769,preferential_attachment,0,1666,0.8326751468894882
Caltech36,769,resource_allocation,0,1666,0.9471377986969097
Reed98,962,adamic_adar,0,1881,0.9251163245539137
Reed98,962,common_neighbors,0,1881,0.9176326345805066
Reed98,962,jaccard,0,1881,0.920859310811464
Reed98,962,preferential_attachment,0,1881,0.8099884374962021
Reed98,962,resource_allocation,0,1881,0.9325501298555945
Haverford76,1446,adamic_adar,0,5959,0.9268766171118237
Haverford76,1446,common_neighbors,0,5959,0.9219799242916319
Haverford76,1446,jaccard,0,5959,0.933940507660432
Haverford76,1446,preferential_attachment,0,5959,0.7864922948758678
Haverford76,1446,resource_allocation,0,5959,0.937814240009647
Simmons81,1518,adamic_adar,0,3299,0.942976740450894
Simmons81,1518,common_neighbors,0,3299,0.9392911278377044
Simmons81,1518,jaccard,0,3299,0.9326140330582324
Simmons81,1518,preferential_attachment,0,3299,0.7972818882626855
Simmons81,1518,resource_allocation,0,3299,0.9456787910323253
Swarthmore42,1659,adamic_adar,0,6105,0.9297680570899244
Swarthmore42,1659,common_neighbors,0,6105,0.9230608361320891
Swarthmore42,1659,jaccard,0,6105,0.9367426975780784
Swarthmore42,1659,preferential_attachment,0,6105,0.7909235525451741
Swarthmore42,1659,resource_allocation,0,6105,0.9413336499331585
Amherst41,2235,adamic_adar,0,9095,0.9484562106480341
Amherst41,2235,common_neighbors,0,9095,0.9449616699423138
Amherst41,2235,jaccard,0,9095,0.9494493558162708
Amherst41,2235,preferential_attachment,0,9095,0.7936746473982255
Amherst41,2235,resource_allocation,0,9095,0.9544060148194444
Bowdoin47,2252,adamic_adar,0,8439,0.9452818460990362
Bowdoin47,2252,common_neighbors,0,8439,0.9413163939406871
Bowdoin47,2252,jaccard,0,8439,0.9490586487406518
Bowdoin47,2252,preferential_attachment,0,8439,0.7751019455108021
Bowdoin47,2252,resource_allocation,0,8439,0.9516441510976053
Hamilton46,2314,adamic_adar,0,9639,0.9430117349395445
Hamilton46,2314,common_neighbors,0,9639,0.9390451088851581
Hamilton46,2314,jaccard,0,9639,0.9454069908982446
Hamilton46,2314,preferential_attachment,0,9639,0.7760877879218606
Hamilton46,2314,resource_allocation,0,9639,0.9498325164542267
Trinity100,2613,adamic_adar,0,11200,0.9472385403380101
Trinity100,2613,common_neighbors,0,11200,0.9442475884885204
Trinity100,2613,jaccard,0,11200,0.9493566525829082
Trinity100,2613,preferential_attachment,0,11200,0.7762813456632653
Trinity100,2613,resource_allocation,0,11200,0.9527240074936223
USFCA72,2682,adamic_adar,0,6525,0.9481241672905564
USFCA72,2682,common_neighbors,0,6525,0.9434947226259155
USFCA72,2682,jaccard,0,6525,0.9472200466816398
USFCA72,2682,preferential_attachment,0,6525,0.8135439820319725
USFCA72,2682,resource_allocation,0,6525,0.9522264441214895
Williams40,2790,adamic_adar,0,11299,0.9499015649265077
Williams40,2790,common_neighbors,0,11299,0.9465030231170759
Williams40,2790,jaccard,0,11299,0.9520627587617296
Williams40,2790,preferential_attachment,0,11299,0.7795696216922283
Williams40,2790,resource_allocation,0,11299,0.9551245740484682
Oberlin44,2920,adamic_adar,0,8991,0.948934005496741
Oberlin44,2920,common_neighbors,0,8991,0.9447620855819177
Oberlin44,2920,jaccard,0,8991,0.9482643458594717
Oberlin44,2920,preferential_attachment,0,8991,0.8069174662867119
Oberlin44,2920,resource_allocation,0,8991,0.9528655127278441
Smith60,2970,adamic_adar,0,9713,0.9524002571951526
Smith60,2970,common_neighbors,0,9713,0.9492325659110807
Smith60,2970,jaccard,0,9713,0.9501232102831761
Smith60,2970,preferential_attachment,0,9713,0.7771758625225957
Smith60,2970,resource_allocation,0,9713,0.9553519426674562
Wellesley22,2970,adamic_adar,0,9490,0.9479249356818392
Wellesley22,2970,common_neighbors,0,9490,0.9429298879303931
Wellesley22,2970,jaccard,0,9490,0.950442443434995
Wellesley22,2970,preferential_attachment,0,9490,0.8060829046381249
Wellesley22,2970,resource_allocation,0,9490,0.9530529890595281
Vassar85,3068,adamic_adar,0,11916,0.9416240731388038
Vassar85,3068,common_neighbors,0,11916,0.9370455770115549
Vassar85,3068,jaccard,0,11916,0.9460090676415562
Vassar85,3068,preferential_attachment,0,11916,0.7717518700614495
Vassar85,3068,resource_allocation,0,11916,0.9484592149240724
Middlebury45,3075,adamic_adar,0,12461,0.9542396850841345
Middlebury45,3075,common_neighbors,0,12461,0.9514014163158641
Middlebury45,3075,jaccard,0,12461,0.9555099479592283
Middlebury45,3075,preferential_attachment,0,12461,0.7895824765419621
Middlebury45,3075,resource_allocation,0,12461,0.9582558460335416
Pepperdine86,3445,adamic_adar,0,15201,0.9475504004513327
Pepperdine86,3445,common_neighbors,0,15201,0.944297262027948
Pepperdine86,3445,jaccard,0,15201,0.9482656067230352
Pepperdine86,3445,preferential_attachment,0,15201,0.8162695922270027
Pepperdine86,3445,resource_allocation,0,15201,0.9533112421439043
Colgate88,3482,adamic_adar,0,15504,0.9549642150173172
Colgate88,3482,common_neighbors,0,15504,0.9519889267066205
Colgate88,3482,jaccard,0,15504,0.9561697550537244
Colgate88,3482,preferential_attachment,0,15504,0.7655859400377119
Colgate88,3482,resource_allocation,0,15504,0.9596286168468392
Santa74,3578,adamic_adar,0,15175,0.9517937755293134
Santa74,3578,common_neighbors,0,15175,0.9478062972080261
Santa74,3578,jaccard,0,15175,0.9535380950959291
Santa74,3578,preferential_attachment,0,15175,0.7985745544159436
Santa74,3578,resource_allocation,0,15175,0.9586526482633961
Wesleyan43,3593,adamic_adar,0,13804,0.9534857614795235
Wesleyan43,3593,common_neighbors,0,13804,0.9502138242511105
Wesleyan43,3593,jaccard,0,13804,0.9558868189508439
Wesleyan43,3593,preferential_attachment,0,13804,0.7851323845968406
Wesleyan43,3593,resource_allocation,0,13804,0.9582010043998015
Mich67,3748,adamic_adar,0,8190,0.9525457353662483
Mich67,3748,common_neighbors,0,8190,0.9482376509665889
Mich67,3748,jaccard,0,8190,0.950799755799756
Mich67,3748,preferential_attachment,0,8190,0.8240748120418451
Mich67,3748,resource_allocation,0,8190,0.9561036047116634
Bucknell39,3826,adamic_adar,0,15886,0.9595908122693845
Bucknell39,3826,common_neighbors,0,15886,0.9566052139814192
Bucknell39,3826,jaccard,0,15886,0.9604858056463584
Bucknell39,3826,preferential_attachment,0,15886,0.7641565373828627
Bucknell39,3826,resource_allocation,0,15886,0.9635726342967152
Brandeis99,3898,adamic_adar,0,13757,0.9499354096492294
Brandeis99,3898,common_neighbors,0,13757,0.9456096571563595
Brandeis99,3898,jaccard,0,13757,0.9453698352850813
Brandeis99,3898,preferential_attachment,0,13757,0.8024407977617549
Brandeis99,3898,resource_allocation,0,13757,0.9549675528075342
Howard90,4047,adamic_adar,0,20485,0.9315721398269174
Howard90,4047,common_neighbors,0,20485,0.9272208142202553
Howard90,4047,jaccard,0,20485,0.9316355365543967
Howard90,4047,preferential_attachment,0,20485,0.8258065716480307
Howard90,4047,resource_allocation,0,20485,0.9397465322411864
Rice31,4087,adamic_adar,0,18483,0.9570217226713877
Rice31,4087,common_neighbors,0,18483,0.9538518646008621
Rice31,4087,jaccard,0,18483,0.9583401285041108
Rice31,4087,preferential_attachment,0,18483,0.8030446793964295
Rice31,4087,resource_allocation,0,18483,0.9617419100599435
Rochester38,4563,adamic_adar,0,16140,0.9653046741722444
Rochester38,4563,common_neighbors,0,16140,0.9624941381867765
Rochester38,4563,jaccard,0,16140,0.9638119809013141
Rochester38,4563,preferential_attachment,0,16140,0.7980303501425723
Rochester38,4563,resource_allocation,0,16140,0.9684532509838786
Lehigh96,5075,adamic_adar,0,19835,0.9604235179708267
Lehigh96,5075,common_neighbors,0,19835,0.9576113727259215
Lehigh96,5075,jaccard,0,19835,0.9594314907922297
Lehigh96,5075,preferential_attachment,0,19835,0.7925308155784083
Lehigh96,5075,resource_allocation,0,19835,0.9640953635071899
Johns Hopkins55,5180,adamic_adar,0,18659,0.9592790010357384
Johns Hopkins55,5180,common_neighbors,0,18659,0.956091284239768
Johns Hopkins55,5180,jaccard,0,18659,0.959620220838579
Johns Hopkins55,5180,preferential_attachment,0,18659,0.8246501165370816
Johns Hopkins55,5180,resource_allocation,0,18659,0.9633838725209009
Wake73,5372,adamic_adar,0,27919,0.9596123015093572
Wake73,5372,common_neighbors,0,27919,0.9558233155645759
Wake73,5372,jaccard,0,27919,0.9612097819817471
Wake73,5372,preferential_attachment,0,27919,0.7992085694689885
Wake73,5372,resource_allocation,0,27919,0.9655970682643908
American75,6386,adamic_adar,0,21766,0.9576077186001395
American75,6386,common_neighbors,0,21766,0.954417746951362
American75,6386,jaccard,0,21766,0.9569652893127744
American75,6386,preferential_attachment,0,21766,0.8161482782177855
American75,6386,resource_allocation,0,21766,0.9607029500474289
MIT8,6440,adamic_adar,0,25125,0.9619560490086878
MIT8,6440,common_neighbors,0,25125,0.9587689730452216
MIT8,6440,jaccard,0,25125,0.9628644455335263
MIT8,6440,preferential_attachment,0,25125,0.8378710079453479
MIT8,6440,resource_allocation,0,25125,0.9663482729635404
William77,6472,adamic_adar,0,26638,0.9643446778866378
William77,6472,common_neighbors,0,26638,0.9608701395350705
William77,6472,jaccard,0,26638,0.9631469449261532
William77,6472,preferential_attachment,0,26638,0.7969153382137468
William77,6472,resource_allocation,0,26638,0.9680067862500953
UChicago30,6591,adamic_adar,0,20810,0.9609931669361083
UChicago30,6591,common_neighbors,0,20810,0.9575907359346746
UChicago30,6591,jaccard,0,20810,0.9582149021801102
UChicago30,6591,preferential_attachment,0,20810,0.8311963195992391
UChicago30,6591,resource_allocation,0,20810,0.9636594565923446
Princeton12,6596,adamic_adar,0,29332,0.9607845164549369
Princeton12,6596,common_neighbors,0,29332,0.9581720702229705
Princeton12,6596,jaccard,0,29332,0.9619305726023013
Princeton12,6596,preferential_attachment,0,29332,0.8189019731904306
Princeton12,6596,resource_allocation,0,29332,0.9643100099196825
Carnegie49,6637,adamic_adar,0,24997,0.9660906806516506
Carnegie49,6637,common_neighbors,0,24997,0.9627279352411756
Carnegie49,6637,jaccard,0,24997,0.9661772542280624
Carnegie49,6637,preferential_attachment,0,24997,0.8257488670373053
Carnegie49,6637,resource_allocation,0,24997,0.9701292402477985
Tufts18,6682,adamic_adar,0,24973,0.96190415019943
Tufts18,6682,common_neighbors,0,24973,0.9583620433802138
Tufts18,6682,jaccard,0,24973,0.9638465916072071
Tufts18,6682,preferential_attachment,0,24973,0.8118393725151888
Tufts18,6682,resource_allocation,0,24973,0.966031167743572
UC64,6833,adamic_adar,0,15533,0.9570130031658725
UC64,6833,common_neighbors,0,15533,0.9543261377727137
UC64,6833,jaccard,0,15533,0.954457770224966
UC64,6833,preferential_attachment,0,15533,0.8348165931734177
UC64,6833,resource_allocation,0,15533,0.9584395115051081
Vermont70,7324,adamic_adar,0,19122,0.9583789765977977
Vermont70,7324,common_neighbors,0,19122,0.9556348440278897
Vermont70,7324,jaccard,0,19122,0.9565434689336073
Vermont70,7324,preferential_attachment,0,19122,0.8104545687355702
Vermont70,7324,resource_allocation,0,19122,0.9599795114949046
Emory27,7460,adamic_adar,0,33001,0.9660399236905386
Emory27,7460,common_neighbors,0,33001,0.9638454230837751
Emory27,7460,jaccard,0,33001,0.9655067746440466
Emory27,7460,preferential_attachment,0,33001,0.8098179721799984
Emory27,7460,resource_allocation,0,33001,0.9686635318992022
Dartmouth6,7694,adamic_adar,0,30408,0.9648757522312873
Dartmouth6,7694,common_neighbors,0,30408,0.9624960556816664
Dartmouth6,7694,jaccard,0,30408,0.9630058732371898
Dartmouth6,7694,preferential_attachment,0,30408,0.8324083360145743
Dartmouth6,7694,resource_allocation,0,30408,0.9672978157844337
Tulane29,7752,adamic_adar,0,28392,0.9670810184258921
Tulane29,7752,common_neighbors,0,28392,0.9645782962765537
Tulane29,7752,jaccard,0,28392,0.9667596194932578
Tulane29,7752,preferential_attachment,0,28392,0.8229241396323944
Tulane29,7752,resource_allocation,0,28392,0.9695559737439086
WashU32,7755,adamic_adar,0,36754,0.9675213536890548
WashU32,7755,common_neighbors,0,36754,0.9647236835033338
WashU32,7755,jaccard,0,36754,0.9674474276289461
WashU32,7755,preferential_attachment,0,36754,0.8056796736804577
WashU32,7755,resource_allocation,0,36754,0.9711027370134107
Villanova62,7772,adamic_adar,0,31499,0.9649238848473889
Villanova62,7772,common_neighbors,0,31499,0.9622050949445969
Villanova62,7772,jaccard,0,31499,0.9653380008351873
Villanova62,7772,preferential_attachment,0,31499,0.8012090610931114
Villanova62,7772,resource_allocation,0,31499,0.967815305514167
Vanderbilt48,8069,adamic_adar,0,42783,0.9658305512452741
Vanderbilt48,8069,common_neighbors,0,42783,0.9629252598768303
Vanderbilt48,8069,jaccard,0,42783,0.9667445386952669
Vanderbilt48,8069,preferential_attachment,0,42783,0.8043358967725943
Vanderbilt48,8069,resource_allocation,0,42783,0.9701384676762957
Yale4,8578,adamic_adar,0,40545,0.9663905925007681
Yale4,8578,common_neighbors,0,40545,0.9634196494150842
Yale4,8578,jaccard,0,40545,0.967207493425569
Yale4,8578,preferential_attachment,0,40545,0.8228722002827397
Yale4,8578,resource_allocation,0,40545,0.9700448210860407
Brown11,8600,adamic_adar,0,38453,0.9607271044999235
Brown11,8600,common_neighbors,0,38453,0.957766503809127
Brown11,8600,jaccard,0,38453,0.9609445492306673
Brown11,8600,preferential_attachment,0,38453,0.8066468267723047
Brown11,8600,resource_allocation,0,38453,0.9640711407151954
UCSC68,8991,adamic_adar,0,22458,0.9609602602627111
UCSC68,8991,common_neighbors,0,22458,0.9589148752362602
UCSC68,8991,jaccard,0,22458,0.9595677756412955
UCSC68,8991,preferential_attachment,0,22458,0.8094343497854843
UCSC68,8991,resource_allocation,0,22458,0.9617528639621463
Maine59,9069,adamic_adar,0,24325,0.9652588286616339
Maine59,9069,common_neighbors,0,24325,0.9628965568816419
Maine59,9069,jaccard,0,24325,0.963066027976327
Maine59,9069,preferential_attachment,0,24325,0.805670212278276
Maine59,9069,resource_allocation,0,24325,0.9662826020962706
Georgetown15,9414,adamic_adar,0,42564,0.967525263437189
Georgetown15,9414,common_neighbors,0,42564,0.9649937223728747
Georgetown15,9414,jaccard,0,42564,0.9677717907074308
Georgetown15,9414,preferential_attachment,0,42564,0.8048280055773831
Georgetown15,9414,resource_allocation,0,42564,0.9702004222902761
Duke14,9895,adamic_adar,0,50644,0.9690477885651074
Duke14,9895,common_neighbors,0,50644,0.9667335565012131
Duke14,9895,jaccard,0,50644,0.969366696199456
Duke14,9895,preferential_attachment,0,50644,0.819545320173176
Duke14,9895,resource_allocation,0,50644,0.9719836314134462
Bingham82,10004,adamic_adar,0,36289,0.9634637696175128
Bingham82,10004,common_neighbors,0,36289,0.960795101816135
Bingham82,10004,jaccard,0,36289,0.9627862889854539
Bingham82,10004,preferential_attachment,0,36289,0.7984074046597193
Bingham82,10004,resource_allocation,0,36289,0.9655053197050693
Mississippi66,10521,adamic_adar,0,61091,0.9655735970198678
Mississippi66,10521,common_neighbors,0,61091,0.962378200688545
Mississippi66,10521,jaccard,0,61091,0.9679010653543975
Mississippi66,10521,preferential_attachment,0,61091,0.8217693676185341
Mississippi66,10521,resource_allocation,0,61091,0.9712473805915384
Northwestern25,10567,adamic_adar,0,48834,0.9673441195343722
Northwestern25,10567,common_neighbors,0,48834,0.9647371877435513
Northwestern25,10567,jaccard,0,48834,0.9664494997834491
Northwestern25,10567,preferential_attachment,0,48834,0.8133922093402023
Northwestern25,10567,resource_allocation,0,48834,0.9701435195758579
Cal65,11247,adamic_adar,0,35136,0.9625540741339508
Cal65,11247,common_neighbors,0,35136,0.9601606469467275
Cal65,11247,jaccard,0,35136,0.9618370474856381
Cal65,11247,preferential_attachment,0,35136,0.8079732966868941
Cal65,11247,resource_allocation,0,35136,0.9639867208320736
BC17,11509,adamic_adar,0,48697,0.9661157393352386
BC17,11509,common_neighbors,0,48697,0.9636219110211719
BC17,11509,jaccard,0,48697,0.9650966161451827
BC17,11509,preferential_attachment,0,48697,0.7980444364153497
BC17,11509,resource_allocation,0,48697,0.9682921837430103
Stanford3,11621,adamic_adar,0,56833,0.9687514000140578
Stanford3,11621,common_neighbors,0,56833,0.9660889091718146
Stanford3,11621,jaccard,0,56833,0.9699502288441997
Stanford3,11621,preferential_attachment,0,56833,0.8476789502730235
Stanford3,11621,resource_allocation,0,56833,0.9721857448204541
Columbia2,11770,adamic_adar,0,44433,0.9660639625033607
Columbia2,11770,common_neighbors,0,44433,0.9627294660337767
Columbia2,11770,jaccard,0,44433,0.9621843818828316
Columbia2,11770,preferential_attachment,0,44433,0.8393457231279186
Columbia2,11770,resource_allocation,0,44433,0.9688126718658007
Notre Dame57,12155,adamic_adar,0,54134,0.9678971803648797
Notre Dame57,12155,common_neighbors,0,54134,0.9651523924213035
Notre Dame57,12155,jaccard,0,54134,0.9662250480342545
Notre Dame57,12155,preferential_attachment,0,54134,0.7939475669371651
Notre Dame57,12155,resource_allocation,0,54134,0.9700829187895705
GWU54,12193,adamic_adar,0,46953,0.9638416025686047
GWU54,12193,common_neighbors,0,46953,0.9608578864224278
GWU54,12193,jaccard,0,46953,0.9613613772827307
GWU54,12193,preferential_attachment,0,46953,0.812201158245709
GWU54,12193,resource_allocation,0,46953,0.9662371567862391
Baylor93,12803,adamic_adar,0,67982,0.9617121166017981
Baylor93,12803,common_neighbors,0,67982,0.9584352675177026
Baylor93,12803,jaccard,0,67982,0.9619463791231546
Baylor93,12803,preferential_attachment,0,67982,0.807665791992881
Baylor93,12803,resource_allocation,0,67982,0.9658345121010472
USF51,13377,adamic_adar,0,32121,0.9531156143716754
USF51,13377,common_neighbors,0,32121,0.9506275920784849
USF51,13377,jaccard,0,32121,0.9507221771840726
USF51,13377,preferential_attachment,0,32121,0.8415842688348273
USF51,13377,resource_allocation,0,32121,0.9545731601970658
Syracuse56,13653,adamic_adar,0,54398,0.9679405874919158
Syracuse56,13653,common_neighbors,0,54398,0.9656166361367178
Syracuse56,13653,jaccard,0,54398,0.966545409620645
Syracuse56,13653,preferential_attachment,0,54398,0.8025052044774794
Syracuse56,13653,resource_allocation,0,54398,0.9695324130470608
Temple83,13686,adamic_adar,0,36080,0.9574129736333646
Temple83,13686,common_neighbors,0,36080,0.954774656190235
Temple83,13686,jaccard,0,36080,0.9533765097946914
Temple83,13686,preferential_attachment,0,36080,0.8385123210277973
Temple83,13686,resource_allocation,0,36080,0.9586391164344081
UC61,13746,adamic_adar,0,44217,0.9668960837883718
UC61,13746,common_neighbors,0,44217,0.9646446685212409
UC61,13746,jaccard,0,44217,0.9661048688084027
UC61,13746,preferential_attachment,0,44217,0.8335988696528595
UC61,13746,resource_allocation,0,44217,0.9686644065364364
Northeastern19,13882,adamic_adar,0,38193,0.9558824950797171
Northeastern19,13882,common_neighbors,0,38193,0.9535168605539172
Northeastern19,13882,jaccard,0,38193,0.9536150102658607
Northeastern19,13882,preferential_attachment,0,38193,0.8069150706127337
Northeastern19,13882,resource_allocation,0,38193,0.9567990527605209
JMU79,14070,adamic_adar,0,48556,0.9624442992204538
JMU79,14070,common_neighbors,0,48556,0.9591497407650451
JMU79,14070,jaccard,0,48556,0.9587782834034884
JMU79,14070,preferential_attachment,0,48556,0.7821104815244506
JMU79,14070,resource_allocation,0,48556,0.9637802765958484
UPenn7,14916,adamic_adar,0,68650,0.970119465670519
UPenn7,14916,common_neighbors,0,68650,0.9679295803098886
UPenn7,14916,jaccard,0,68650,0.9701341700223168
UPenn7,14916,preferential_attachment,0,68650,0.8193035055956384
UPenn7,14916,resource_allocation,0,68650,0.972211124862012
UCSB37,14935,adamic_adar,0,48222,0.9637380476830887
UCSB37,14935,common_neighbors,0,48222,0.9615053681697059
UCSB37,14935,jaccard,0,48222,0.9627497094339688
UCSB37,14935,preferential_attachment,0,48222,0.8147630415695869
UCSB37,14935,resource_allocation,0,48222,0.9650451927365966
UCF52,14940,adamic_adar,0,42899,0.9581640284042539
UCF52,14940,common_neighbors,0,42899,0.953881491666587
UCF52,14940,jaccard,0,42899,0.9519611783880465
UCF52,14940,preferential_attachment,0,42899,0.8315484104205398
UCF52,14940,resource_allocation,0,42899,0.9601963923203334
UCSD34,14948,adamic_adar,0,44322,0.9661167983205943
UCSD34,14948,common_neighbors,0,44322,0.9636825525461131
UCSD34,14948,jaccard,0,44322,0.9641501454213139
UCSD34,14948,preferential_attachment,0,44322,0.8237451351547833
UCSD34,14948,resource_allocation,0,44322,0.9672493212573483
Harvard1,15126,adamic_adar,0,82462,0.9705532513361959
Harvard1,15126,common_neighbors,0,82462,0.9681529441244164
Harvard1,15126,jaccard,0,82462,0.9729949619697814
Harvard1,15126,preferential_attachment,0,82462,0.8528724907208732
Harvard1,15126,resource_allocation,0,82462,0.9741295984483572
MU78,15436,adamic_adar,0,64945,0.969494367220157
MU78,15436,common_neighbors,0,64945,0.9673178877540428
MU78,15436,jaccard,0,64945,0.9695200450945065
MU78,15436,preferential_attachment,0,64945,0.7920597784461683
MU78,15436,resource_allocation,0,64945,0.9709818814751138
UMass92,16516,adamic_adar,0,51938,0.9640489157191292
UMass92,16516,common_neighbors,0,51938,0.9611931915208203
UMass92,16516,jaccard,0,51938,0.959945398261049
UMass92,16516,preferential_attachment,0,51938,0.7982690654169826
UMass92,16516,resource_allocation,0,51938,0.9649363716749807
UC33,16808,adamic_adar,0,52215,0.9653286318329178
UC33,16808,common_neighbors,0,52215,0.9631025536189128
UC33,16808,jaccard,0,52215,0.9637769467020639
UC33,16808,preferential_attachment,0,52215,0.8219932754151484
UC33,16808,resource_allocation,0,52215,0.9665380011373766
Tennessee95,16979,adamic_adar,0,77066,0.967788717370382
Tennessee95,16979,common_neighbors,0,77066,0.9643021802394585
Tennessee95,16979,jaccard,0,77066,0.963937097306962
Tennessee95,16979,preferential_attachment,0,77066,0.823537518861336
Tennessee95,16979,resource_allocation,0,77066,0.9707783512611373
UVA16,17196,adamic_adar,0,78932,0.9698067776209293
UVA16,17196,common_neighbors,0,78932,0.9671580762268926
UVA16,17196,jaccard,0,78932,0.9682184664575277
UVA16,17196,preferential_attachment,0,78932,0.8094096254294995
UVA16,17196,resource_allocation,0,78932,0.9717951552743902
UConn91,17212,adamic_adar,0,60487,0.9631964906221
UConn91,17212,common_neighbors,0,60487,0.9609007014305393
UConn91,17212,jaccard,0,60487,0.9611290752283369
UConn91,17212,preferential_attachment,0,60487,0.7950281439548349
UConn91,17212,resource_allocation,0,60487,0.9641217854332093
Oklahoma97,17425,adamic_adar,0,89253,0.9691285534998244
Oklahoma97,17425,common_neighbors,0,89253,0.9661388129175351
Oklahoma97,17425,jaccard,0,89253,0.9685853526133789
Oklahoma97,17425,preferential_attachment,0,89253,0.8346457115501451
Oklahoma97,17425,resource_allocation,0,89253,0.9726507759189185
USC35,17444,adamic_adar,0,80185,0.9673292772731562
USC35,17444,common_neighbors,0,80185,0.9645141258404943
USC35,17444,jaccard,0,80185,0.964974151542812
USC35,17444,preferential_attachment,0,80185,0.8241856082411905
USC35,17444,resource_allocation,0,80185,0.9695348763016144
UNC28,18163,adamic_adar,0,76680,0.9640628796033025
UNC28,18163,common_neighbors,0,76680,0.9601678089800808
UNC28,18163,jaccard,0,76680,0.9589891608800974
UNC28,18163,preferential_attachment,0,76680,0.81400849513754
UNC28,18163,resource_allocation,0,76680,0.9666803197150989
Auburn71,18448,adamic_adar,0,97392,0.9677099139955617
Auburn71,18448,common_neighbors,0,97392,0.9638237538161846
Auburn71,18448,jaccard,0,97392,0.9637624194323086
Auburn71,18448,preferential_attachment,0,97392,0.8135413861876538
Auburn71,18448,resource_allocation,0,97392,0.9715168740138236
Cornell5,18660,adamic_adar,0,79078,0.9697891452294555
Cornell5,18660,common_neighbors,0,79078,0.9669964561717193
Cornell5,18660,jaccard,0,79078,0.9674738090317
Cornell5,18660,preferential_attachment,0,79078,0.8132775074535791
Cornell5,18660,resource_allocation,0,79078,0.971739354211899
BU10,19700,adamic_adar,0,63753,0.9587384369505195
BU10,19700,common_neighbors,0,63753,0.9566393429829277
BU10,19700,jaccard,0,63753,0.9566568008399888
BU10,19700,preferential_attachment,0,63753,0.8055709049451678
BU10,19700,resource_allocation,0,63753,0.959303807374996
UCLA26,20467,adamic_adar,0,74761,0.9670550959172441
UCLA26,20467,common_neighbors,0,74761,0.9649821274712427
UCLA26,20467,jaccard,0,74761,0.9666030237457717
UCLA26,20467,preferential_attachment,0,74761,0.8291591583871811
UCLA26,20467,resource_allocation,0,74761,0.9684011132211539
Maryland58,20871,adamic_adar,0,74486,0.9673713956356024
Maryland58,20871,common_neighbors,0,74486,0.9648483809039741
Maryland58,20871,jaccard,0,74486,0.9639208657263033
Maryland58,20871,preferential_attachment,0,74486,0.813352672448557
Maryland58,20871,resource_allocation,0,74486,0.9684496387784985
Virginia63,21325,adamic_adar,0,69818,0.9626963549530906
Virginia63,21325,common_neighbors,0,69818,0.9578325716693944
Virginia63,21325,jaccard,0,69818,0.9516239320812867
Virginia63,21325,preferential_attachment,0,69818,0.8161486156366691
Virginia63,21325,resource_allocation,0,69818,0.9646606513216862
NYU9,21679,adamic_adar,0,71572,0.9609840766209901
NYU9,21679,common_neighbors,0,71572,0.9584542178583335
NYU9,21679,jaccard,0,71572,0.9570273720860883
NYU9,21679,preferential_attachment,0,71572,0.8220899327767458
NYU9,21679,resource_allocation,0,71572,0.9618881128782492
Berkeley13,22937,adamic_adar,0,85244,0.9668495234483231
Berkeley13,22937,common_neighbors,0,85244,0.9638834334142401
Berkeley13,22937,jaccard,0,85244,0.9634680459405952
Berkeley13,22937,preferential_attachment,0,85244,0.822645756261939
Berkeley13,22937,resource_allocation,0,85244,0.9684114193746814
Wisconsin87,23842,adamic_adar,0,83595,0.9684257614474723
Wisconsin87,23842,common_neighbors,0,83595,0.9658479763458405
Wisconsin87,23842,jaccard,0,83595,0.9637709053825788
Wisconsin87,23842,preferential_attachment,0,83595,0.8035943417589816
Wisconsin87,23842,resource_allocation,0,83595,0.9692963019499357
UGA50,24389,adamic_adar,0,117406,0.973306155243904
UGA50,24389,common_neighbors,0,117406,0.9710271271883308
UGA50,24389,jaccard,0,117406,0.9727201170796801
UGA50,24389,preferential_attachment,0,117406,0.8008072432101194
UGA50,24389,resource_allocation,0,117406,0.9750743680966328
Rutgers89,24580,adamic_adar,0,78460,0.9684387982719087
Rutgers89,24580,common_neighbors,0,78460,0.9669041475110118
Rutgers89,24580,jaccard,0,78460,0.9671868931299162
Rutgers89,24580,preferential_attachment,0,78460,0.8170048050579052
Rutgers89,24580,resource_allocation,0,78460,0.9689604482580784
FSU53,27737,adamic_adar,0,103480,0.9682859165329487
FSU53,27737,common_neighbors,0,103480,0.9663541230859929
FSU53,27737,jaccard,0,103480,0.966979728561633
FSU53,27737,preferential_attachment,0,103480,0.8141847656893787
FSU53,27737,resource_allocation,0,103480,0.9693249004511572
Indiana69,29747,adamic_adar,0,130576,0.9681482033859524
Indiana69,29747,common_neighbors,0,130576,0.9664244992917979
Indiana69,29747,jaccard,0,130576,0.9667259889592749
Indiana69,29747,preferential_attachment,0,130576,0.8036147491174653
Indiana69,29747,resource_allocation,0,130576,0.9689713167559197
Michigan23,30147,adamic_adar,0,117652,0.9687994199422626
Michigan23,30147,common_neighbors,0,117652,0.966932373823555
Michigan23,30147,jaccard,0,117652,0.9675845604293547
Michigan23,30147,preferential_attachment,0,117652,0.823020091030671
Michigan23,30147,resource_allocation,0,117652,0.9697394165816366
UIllinois20,30809,adamic_adar,0,126443,0.9731535860324751
UIllinois20,30809,common_neighbors,0,126443,0.9713127010993822
UIllinois20,30809,jaccard,0,126443,0.9713516835574351
UIllinois20,30809,preferential_attachment,0,126443,0.8045667561845082
UIllinois20,30809,resource_allocation,0,126443,0.9738404227048256
Texas80,31560,adamic_adar,0,121965,0.9711605587207599
Texas80,31560,common_neighbors,0,121965,0.9694300360760746
Texas80,31560,jaccard,0,121965,0.9705468560689955
Texas80,31560,preferential_attachment,0,121965,0.8200454614811448
Texas80,31560,resource_allocation,0,121965,0.9721744672491659
MSU24,32375,adamic_adar,0,111877,0.9662816249166933
MSU24,32375,common_neighbors,0,111877,0.9644316934495243
MSU24,32375,jaccard,0,111877,0.9635579459789101
MSU24,32375,preferential_attachment,0,111877,0.8046060383996518
MSU24,32375,resource_allocation,0,111877,0.9667707499144584
UF21,35123,adamic_adar,0,146566,0.9718752008935104
UF21,35123,common_neighbors,0,146566,0.9687954937468697
UF21,35123,jaccard,0,146566,0.9664677444733837
UF21,35123,preferential_attachment,0,146566,0.8143632010181879
UF21,35123,resource_allocation,0,146566,0.973406827271795
Texas84,36371,adamic_adar,0,159066,0.966007606974237
Texas84,36371,common_neighbors,0,159066,0.9627167874083915
Texas84,36371,jaccard,0,159066,0.961128350796977
Texas84,36371,preferential_attachment,0,159066,0.8178281480309212
Texas84,36371,resource_allocation,0,159066,0.967666467387656
Penn94,41554,adamic_adar,0,136223,0.9674536738190466
Penn94,41554,common_neighbors,0,136223,0.9652509405000544
Penn94,41554,jaccard,0,136223,0.9630409935623332
Penn94,41554,preferential_attachment,0,136223,0.8184169802168015
Penn94,41554,resource_allocation,0,136223,0.9680271461613583
