school,nodes,method,seed,hidden_edges,auc_sampled,candidates,base_rate,average_precision,r_precision,precision_at_100,precision_at_1000
Caltech36,769,adamic_adar,0,1666,0.9424536921611381,280306,0.005943504598545875,0.20912435559935663,0.2707082833133253,0.6,0.34
Caltech36,769,adamic_adar,1,1666,0.9387295734620379,280306,0.005943504598545875,0.205513875547873,0.28271308523409366,0.62,0.345
Caltech36,769,adamic_adar,2,1666,0.9412063745065854,280306,0.005943504598545875,0.2004419943839497,0.2689075630252101,0.69,0.339
Caltech36,769,adamic_adar,3,1666,0.9384573757474177,280306,0.005943504598545875,0.19302272722973926,0.2605042016806723,0.6,0.332
Caltech36,769,adamic_adar,4,1666,0.9367665433520347,280306,0.005943504598545875,0.19899486874434347,0.265906362545018,0.6,0.332
Caltech36,769,common_neighbors,0,1666,0.9380684446647807,280306,0.005943504598545875,0.1912154432344569,0.2620806564383995,0.5685714285714285,0.3286923076923077
Caltech36,769,common_neighbors,1,1666,0.9353936652692288,280306,0.005943504598545875,0.19091404155874436,0.27311357756098825,0.625,0.33287719298245616
Caltech36,769,common_neighbors,2,1666,0.9365763111967476,280306,0.005943504598545875,0.18443531049993364,0.2524863156271683,0.6610526315789474,0.3180702702702703
Caltech36,769,common_neighbors,3,1666,0.9338615398140049,280306,0.005943504598545875,0.17760043566094763,0.2549182938481515,0.5661538461538461,0.321
Caltech36,769,common_neighbors,4,1666,0.9330768321734456,280306,0.005943504598545875,0.1851285344151187,0.26180752674901736,0.5875,0.32814
Caltech36,769,jaccard,0,1666,0.9395376998338351,280306,0.005943504598545875,0.16447460004533496,0.25321557194306293,0.38,0.285
Caltech36,769,jaccard,1,1666,0.933996467734753,280306,0.005943504598545875,0.15527112988557118,0.24129651860744297,0.48666666666666664,0.292
Caltech36,769,jaccard,2,1666,0.9334396423635481,280306,0.005943504598545875,0.15597263951882676,0.24083919281998514,0.455,0.294
Caltech36,769,jaccard,3,1666,0.9318633816071448,280306,0.005943504598545875,0.15704789442312939,0.22824129651860744,0.56,0.27225
Caltech36,769,jaccard,4,1666,0.932778153278118,280306,0.005943504598545875,0.14728064931822188,0.23229291716686676,0.39333333333333337,0.273
Caltech36,769,preferential_attachment,0,1666,0.8326751468894882,280306,0.005943504598545875,0.03190445098984755,0.06792717086834735,0.08,0.077
Caltech36,769,preferential_attachment,1,1666,0.8272971253327261,280306,0.005943504598545875,0.03457805514413394,0.07009470454848606,0.16,0.077
Caltech36,769,preferential_attachment,2,1666,0.8354500863971039,280306,0.005943504598545875,0.03240121931666097,0.06902761104441776,0.13,0.07677777777777778
Caltech36,769,preferential_attachment,3,1666,0.8211306131095896,280306,0.005943504598545875,0.031963515942403445,0.06602641056422569,0.04,0.073
Caltech36,769,preferential_attachment,4,1666,0.8258484065895265,280306,0.005943504598545875,0.03387440690148032,0.07202881152460984,0.1,0.077
Caltech36,769,resource_allocation,0,1666,0.9471377986969097,280306,0.005943504598545875,0.22728721063446566,0.2923169267707083,0.65,0.354
Caltech36,769,resource_allocation,1,1666,0.9422594968359492,280306,0.005943504598545875,0.2119050615713408,0.28811524609843936,0.58,0.341
Caltech36,769,resource_allocation,2,1666,0.9470511493913292,280306,0.005943504598545875,0.2196696653579108,0.287515006002401,0.65,0.36
Caltech36,769,resource_allocation,3,1666,0.9442140601738894,280306,0.005943504598545875,0.20658825884603157,0.28031212484994,0.53,0.343
Caltech36,769,resource_allocation,4,1666,0.9412683440723227,280306,0.005943504598545875,0.2109955069677238,0.28811524609843936,0.58,0.354
Reed98,962,adamic_adar,0,1881,0.9251163245539137,445310,0.004224023713817341,0.09349006797370323,0.16427432216905902,0.39,0.206
Reed98,962,adamic_adar,1,1881,0.9206962317429874,445310,0.004224023713817341,0.09712896333702725,0.16374269005847952,0.44,0.219
Reed98,962,adamic_adar,2,1881,0.9221177329126629,445310,0.004224023713817341,0.09611569333916631,0.16640085061137694,0.37,0.211
Reed98,962,adamic_adar,3,1881,0.9187015514556854,445310,0.004224023713817341,0.09655550229624361,0.16055289739500267,0.39,0.21
Reed98,962,adamic_adar,4,1881,0.9227263824342646,445310,0.004224023713817341,0.09482345628869723,0.1722488038277512,0.38,0.202
Reed98,962,common_neighbors,0,1881,0.9176326345805066,445310,0.004224023713817341,0.08307060617850648,0.1547831679769153,0.4046153846153846,0.19525414364640883
Reed98,962,common_neighbors,1,1881,0.9137718718848578,445310,0.004224023713817341,0.08598273783843087,0.1591082449206019,0.42230769230769233,0.20408287292817678
Reed98,962,common_neighbors,2,1881,0.915226723713251,445310,0.004224023713817341,0.08690029687085042,0.1570487261276735,0.3581818181818182,0.1996184971098266
Reed98,962,common_neighbors,3,1881,0.911186913201519,445310,0.004224023713817341,0.0856286001913584,0.15112483933270074,0.34736842105263155,0.19592307692307692
Reed98,962,common_neighbors,4,1881,0.9145980072698783,445310,0.004224023713817341,0.0850385791077972,0.1652594051974857,0.3606666666666667,0.1951639344262295
Reed98,962,jaccard,0,1881,0.920859310811464,445310,0.004224023713817341,0.11014003054147992,0.19670388091440724,0.31,0.25776
Reed98,962,jaccard,1,1881,0.9187124328146741,445310,0.004224023713817341,0.1193667620181162,0.2043343653250774,0.4066666666666666,0.27
Reed98,962,jaccard,2,1881,0.9174394551293736,445310,0.004224023713817341,0.11396951814605219,0.1996658312447786,0.3522222222222222,0.26580000000000004
Reed98,962,jaccard,3,1881,0.9165408244565467,445310,0.004224023713817341,0.11936022426551185,0.20308346624136098,0.42,0.2648333333333333
Reed98,962,jaccard,4,1881,0.918031570637967,445310,0.004224023713817341,0.1177005071873204,0.20627325890483786,0.35,0.269
Reed98,962,preferential_attachment,0,1881,0.8099884374962021,445310,0.004224023713817341,0.03081339045310336,0.0786815523657629,0.14,0.093
Reed98,962,preferential_attachment,1,1881,0.8110476035431966,445310,0.004224023713817341,0.030025583889311508,0.07620060251639199,0.13,0.088
Reed98,962,preferential_attachment,2,1881,0.8157350668892682,445310,0.004224023713817341,0.02964466393118686,0.06751727804359384,0.12,0.08
Reed98,962,preferential_attachment,3,1881,0.8105101774622466,445310,0.004224023713817341,0.03022554259941847,0.07761828814460393,0.15,0.088
Reed98,962,preferential_attachment,4,1881,0.8137011006565275,445310,0.004224023713817341,0.029352567681814934,0.0733652312599681,0.13,0.087
Reed98,962,resource_allocation,0,1881,0.9325501298555945,445310,0.004224023713817341,0.11722921885368802,0.1998936735778841,0.39,0.242
Reed98,962,resource_allocation,1,1881,0.9273895393680501,445310,0.004224023713817341,0.11831609920629275,0.19457735247208932,0.38,0.249
Reed98,962,resource_allocation,2,1881,0.9293864807169601,445310,0.004224023713817341,0.11220964926669014,0.19617224880382775,0.35,0.241
Reed98,962,resource_allocation,3,1881,0.9269417078533169,445310,0.004224023713817341,0.12077086051238892,0.19936204146730463,0.41,0.25
Reed98,962,resource_allocation,4,1881,0.931729364491893,445310,0.004224023713817341,0.11324629635842078,0.1972355130249867,0.37,0.244
Haverford76,1446,adamic_adar,0,5959,0.9268766171118237,991105,0.0060124810186609895,0.12136398565645488,0.18442691726799798,0.65,0.345
Haverford76,1446,adamic_adar,1,5959,0.9300124239358838,991105,0.0060124810186609895,0.12005851311768458,0.1825809699614029,0.54,0.34
Haverford76,1446,adamic_adar,2,5959,0.9261898607312187,991105,0.0060124810186609895,0.11325422927892734,0.17469374056049672,0.61,0.316
Haverford76,1446,adamic_adar,3,5959,0.9225614840076992,991105,0.0060124810186609895,0.12181371203020123,0.18543379761704984,0.66,0.353
Haverford76,1446,adamic_adar,4,5959,0.9314971598871868,991105,0.0060124810186609895,0.12518066518459992,0.18979694579627454,0.64,0.343
Haverford76,1446,common_neighbors,0,5959,0.9219799242916319,991105,0.0060124810186609895,0.10961105647842731,0.17501934075722891,0.5933333333333334,0.3243076923076923
Haverford76,1446,common_neighbors,1,5959,0.9253018493745411,991105,0.0060124810186609895,0.10869163055094572,0.1753382627898308,0.5042857142857143,0.30823148148148144
Haverford76,1446,common_neighbors,2,5959,0.9212833818473334,991105,0.0060124810186609895,0.10222683481739697,0.1654509910343188,0.555,0.29419999999999996
Haverford76,1446,common_neighbors,3,5959,0.9177015417288599,991105,0.0060124810186609895,0.10999496564695642,0.1749686509405561,0.610909090909091,0.3274653465346535
Haverford76,1446,common_neighbors,4,5959,0.9273193132881143,991105,0.0060124810186609895,0.11464770099660276,0.1823020335019745,0.6185714285714285,0.33089130434782604
Haverford76,1446,jaccard,0,5959,0.933940507660432,991105,0.0060124810186609895,0.13979003513657515,0.21480114113106225,0.6066666666666667,0.355
Haverford76,1446,jaccard,1,5959,0.934584979797481,991105,0.0060124810186609895,0.1415483370534811,0.222568503823748,0.51,0.35225
Haverford76,1446,jaccard,2,5959,0.9307596849433822,991105,0.0060124810186609895,0.13854362527330594,0.2131924472400484,0.52,0.3636666666666667
Haverford76,1446,jaccard,3,5959,0.928669564787135,991105,0.0060124810186609895,0.14885902711424553,0.22201711696593388,0.5744444444444444,0.3951
Haverford76,1446,jaccard,4,5959,0.9364947688490921,991105,0.0060124810186609895,0.13417325845768446,0.21396207417351903,0.42117647058823526,0.3185
Haverford76,1446,preferential_attachment,0,5959,0.7864922948758678,991105,0.0060124810186609895,0.0290633772389927,0.06746098338647424,0.19,0.10740000000000001
Haverford76,1446,preferential_attachment,1,5959,0.7906441767246516,991105,0.0060124810186609895,0.02950275986698455,0.06494378251384461,0.16,0.10779999999999999
Haverford76,1446,preferential_attachment,2,5959,0.7813815477531324,991105,0.0060124810186609895,0.027932911405600162,0.061803274758468585,0.23,0.101
Haverford76,1446,preferential_attachment,3,5959,0.7808893861930217,991105,0.0060124810186609895,0.029772402545775383,0.06527940929686189,0.21,0.101
Haverford76,1446,preferential_attachment,4,5959,0.7922275759109184,991105,0.0060124810186609895,0.03156923869431983,0.07467695922134586,0.21,0.112
Haverford76,1446,resource_allocation,0,5959,0.937814240009647,991105,0.0060124810186609895,0.15426846429261876,0.225709011579124,0.69,0.405
Haverford76,1446,resource_allocation,1,5959,0.9401399719698975,991105,0.0060124810186609895,0.15184813805310665,0.21513676791407954,0.62,0.403
Haverford76,1446,resource_allocation,2,5959,0.9364172688569069,991105,0.0060124810186609895,0.14648632304577497,0.21480114113106225,0.69,0.383
Haverford76,1446,resource_allocation,3,5959,0.9329459056531655,991105,0.0060124810186609895,0.1556984616768561,0.22285618392347709,0.68,0.407
Haverford76,1446,resource_allocation,4,5959,0.9398635121503908,991105,0.0060124810186609895,0.1512211704955496,0.2240308776640376,0.63,0.384
Simmons81,1518,adamic_adar,0,3299,0.942976740450894,1121714,0.002941034880548874,0.12224022409105713,0.19127008184298272,0.56,0.289
Simmons81,1518,adamic_adar,1,3299,0.9364535957096499,1121714,0.002941034880548874,0.12326098406295716,0.18369202788723857,0.61,0.303
Simmons81,1518,adamic_adar,2,3299,0.9426028683497008,1121714,0.002941034880548874,0.12637935283020627,0.19399818126705062,0.55,0.293
Simmons81,1518,adamic_adar,3,3299,0.9441968553763663,1121714,0.002941034880548874,0.12756568946264288,0.18793573810245529,0.69,0.297
Simmons81,1518,adamic_adar,4,3299,0.9399519966231145,1121714,0.002941034880548874,0.12632560813699403,0.18945134889360413,0.61,0.308
Simmons81,1518,common_neighbors,0,3299,0.9392911278377044,1121714,0.002941034880548874,0.10902814543019722,0.1827895310365318,0.5708333333333333,0.2715235602094241
Simmons81,1518,common_neighbors,1,3299,0.9324908178978244,1121714,0.002941034880548874,0.11034568050266445,0.18039617584934348,0.6233333333333334,0.29457754010695186
Simmons81,1518,common_neighbors,2,3299,0.9386751439187071,1121714,0.002941034880548874,0.11241770073889094,0.18308952581964605,0.56,0.2830558659217877
Simmons81,1518,common_neighbors,3,3299,0.9401843228968592,1121714,0.002941034880548874,0.11380994620052352,0.1780618926474723,0.6844444444444444,0.294655737704918
Simmons81,1518,common_neighbors,4,3299,0.936269462091859,1121714,0.002941034880548874,0.1126317278712895,0.1844388745690434,0.6025,0.28295027624309393
Simmons81,1518,jaccard,0,3299,0.9326140330582324,1121714,0.002941034880548874,0.05918421175775547,0.10908356067495201,0.2548076923076923,0.15
Simmons81,1518,jaccard,1,3299,0.9279744906945907,1121714,0.002941034880548874,0.05632176780655759,0.10076917247650803,0.23545454545454547,0.1358
Simmons81,1518,jaccard,2,3299,0.9348487205424114,1121714,0.002941034880548874,0.06017742367077149,0.10648248386957086,0.24861111111111112,0.139
Simmons81,1518,jaccard,3,3299,0.9356314721841087,1121714,0.002941034880548874,0.06243327610855966,0.10518338890572901,0.32,0.15952631578947368
Simmons81,1518,jaccard,4,3299,0.9312486051005564,1121714,0.002941034880548874,0.056766496228372695,0.10086109146430457,0.18943396226415093,0.1375
Simmons81,1518,preferential_attachment,0,3299,0.7972818882626855,1121714,0.002941034880548874,0.013224636209065561,0.030009093664746894,0.06,0.031
Simmons81,1518,preferential_attachment,1,3299,0.7972090709512587,1121714,0.002941034880548874,0.013661805129389405,0.030463776902091542,0.05,0.033
Simmons81,1518,preferential_attachment,2,3299,0.7898645377488159,1121714,0.002941034880548874,0.013145502235812033,0.03031221582297666,0.03,0.036
Simmons81,1518,preferential_attachment,3,3299,0.786455952509698,1121714,0.002941034880548874,0.0135209492132094,0.036980903304031525,0.05,0.044
Simmons81,1518,preferential_attachment,4,3299,0.7950257460880106,1121714,0.002941034880548874,0.013284584321202978,0.034555926038193394,0.04,0.03233333333333334
Simmons81,1518,resource_allocation,0,3299,0.9456787910323253,1121714,0.002941034880548874,0.13690571408739435,0.20915428917853895,0.54,0.311
Simmons81,1518,resource_allocation,1,3299,0.9394637760751442,1121714,0.002941034880548874,0.13527421452741925,0.20369809033040315,0.6,0.332
Simmons81,1518,resource_allocation,2,3299,0.9458174425439254,1121714,0.002941034880548874,0.1433145403794965,0.2221885419824189,0.54,0.328
Simmons81,1518,resource_allocation,3,3299,0.9472096084670591,1121714,0.002941034880548874,0.14583949191989298,0.21430736586844498,0.68,0.347
Simmons81,1518,resource_allocation,4,3299,0.9423992095853126,1121714,0.002941034880548874,0.1431903348748624,0.2179448317672022,0.6,0.346
Swarthmore42,1659,adamic_adar,0,6105,0.9297680570899244,1320366,0.004623717969108565,0.11708415319955458,0.19574119574119575,0.52,0.332
Swarthmore42,1659,adamic_adar,1,6105,0.9280875961957044,1320366,0.004623717969108565,0.11808127984955834,0.19574119574119575,0.47,0.344
Swarthmore42,1659,adamic_adar,2,6105,0.9287811644568401,1320366,0.004623717969108565,0.11815744116337247,0.19082719082719082,0.56,0.354
Swarthmore42,1659,adamic_adar,3,6105,0.9314675810498907,1320366,0.004623717969108565,0.1106566606115845,0.18591318591318592,0.48,0.308
Swarthmore42,1659,adamic_adar,4,6105,0.9313277002711893,1320366,0.004623717969108565,0.1164022281682103,0.189025389025389,0.53,0.337
Swarthmore42,1659,common_neighbors,0,6105,0.9230608361320891,1320366,0.004623717969108565,0.10673426974655134,0.18681275870465058,0.51375,0.3201623931623932
Swarthmore42,1659,common_neighbors,1,6105,0.922142710054258,1320366,0.004623717969108565,0.10774014059698314,0.1850124078010135,0.44666666666666666,0.33101769911504425
Swarthmore42,1659,common_neighbors,2,6105,0.9222728245332668,1320366,0.004623717969108565,0.1082761294909241,0.18332682332682332,0.54,0.3447777777777778
Swarthmore42,1659,common_neighbors,3,6105,0.9258905007307957,1320366,0.004623717969108565,0.10107645701516749,0.17767455630252466,0.47,0.29924299065420557
Swarthmore42,1659,common_neighbors,4,6105,0.9252065109558967,1320366,0.004623717969108565,0.10625283925444849,0.18247338247338246,0.536,0.3204128440366973
Swarthmore42,1659,jaccard,0,6105,0.9367426975780784,1320366,0.004623717969108565,0.180312682048906,0.25530985530985534,0.7,0.499
Swarthmore42,1659,jaccard,1,6105,0.9328292822641717,1320366,0.004623717969108565,0.17165802399054486,0.24946764946764946,0.67,0.476
Swarthmore42,1659,jaccard,2,6105,0.9350945674287199,1320366,0.004623717969108565,0.1696864986333189,0.2446966446966447,0.7,0.48
Swarthmore42,1659,jaccard,3,6105,0.9353540183024213,1320366,0.004623717969108565,0.17064673586038845,0.2494204528102833,0.69,0.487
Swarthmore42,1659,jaccard,4,6105,0.9380282940970901,1320366,0.004623717969108565,0.18113802635340853,0.2589105852263747,0.72,0.512
Swarthmore42,1659,preferential_attachment,0,6105,0.7909235525451741,1320366,0.004623717969108565,0.028346296984500453,0.07108927108927109,0.27,0.121
Swarthmore42,1659,preferential_attachment,1,6105,0.797145383042189,1320366,0.004623717969108565,0.028261145436423916,0.0728910728910729,0.162,0.11
Swarthmore42,1659,preferential_attachment,2,6105,0.7939295203177267,1320366,0.004623717969108565,0.0294358992635047,0.06910877819968729,0.265,0.138
Swarthmore42,1659,preferential_attachment,3,6105,0.7968499390612412,1320366,0.004623717969108565,0.026293553344994863,0.06191646191646192,0.2,0.09716666666666667
Swarthmore42,1659,preferential_attachment,4,6105,0.7948427900762054,1320366,0.004623717969108565,0.02851860809179957,0.06568386568386568,0.26666666666666666,0.137
Swarthmore42,1659,resource_allocation,0,6105,0.9413336499331585,1320366,0.004623717969108565,0.14690554473337825,0.22375102375102376,0.58,0.393
Swarthmore42,1659,resource_allocation,1,6105,0.9383708524249064,1320366,0.004623717969108565,0.14573961667222773,0.21932841932841932,0.54,0.397
Swarthmore42,1659,resource_allocation,2,6105,0.9400874539940878,1320366,0.004623717969108565,0.14596105345379826,0.21687141687141687,0.59,0.409
Swarthmore42,1659,resource_allocation,3,6105,0.9397449895729995,1320366,0.004623717969108565,0.13769476777448256,0.21588861588861588,0.56,0.357
Swarthmore42,1659,resource_allocation,4,6105,0.9414871069416523,1320366,0.004623717969108565,0.1451441184071286,0.21834561834561836,0.61,0.391
Amherst41,2235,adamic_adar,0,9095,0.9484562106480341,2414636,0.0037666132700746612,0.14282073676109722,0.2164925783397471,0.69,0.448
Amherst41,2235,adamic_adar,1,9095,0.9472191796264524,2414636,0.0037666132700746612,0.135594455053995,0.2109950522264981,0.64,0.407
Amherst41,2235,adamic_adar,2,9095,0.9477133343871015,2414636,0.0037666132700746612,0.13968874199075126,0.211434854315558,0.68,0.439
Amherst41,2235,adamic_adar,3,9095,0.9474365661345743,2414636,0.0037666132700746612,0.13719200855294206,0.21253435953820782,0.63,0.414
Amherst41,2235,adamic_adar,4,9095,0.9462125369586984,2414636,0.0037666132700746612,0.14272796280156122,0.21341396371632765,0.67,0.447
Amherst41,2235,common_neighbors,0,9095,0.9449616699423138,2414636,0.0037666132700746612,0.1307909546423077,0.208521165475536,0.6233333333333334,0.4370352941176471
Amherst41,2235,common_neighbors,1,9095,0.943654727555118,2414636,0.0037666132700746612,0.12394324460975692,0.20210553695700273,0.634,0.3875813953488372
Amherst41,2235,common_neighbors,2,9095,0.9442753828396793,2414636,0.0037666132700746612,0.12800736120441952,0.20125000335215007,0.6344444444444445,0.42033766233766234
Amherst41,2235,common_neighbors,3,9095,0.9438386513864253,2414636,0.0037666132700746612,0.12540658120699663,0.20171603951353395,0.6038461538461539,0.40572
Amherst41,2235,common_neighbors,4,9095,0.9426277872593396,2414636,0.0037666132700746612,0.13105551450707192,0.20575440950867177,0.6622222222222223,0.4413018867924528
Amherst41,2235,jaccard,0,9095,0.9494493558162708,2414636,0.0037666132700746612,0.16268120834396,0.23895320635125958,0.69,0.49214285714285716
Amherst41,2235,jaccard,1,9095,0.9487021395622106,2414636,0.0037666132700746612,0.15625522194978406,0.2297587960417812,0.62,0.48319999999999996
Amherst41,2235,jaccard,2,9095,0.9503704196223297,2414636,0.0037666132700746612,0.15792291249896998,0.22976910390324354,0.73,0.5005
Amherst41,2235,jaccard,3,9095,0.9492062920229052,2414636,0.0037666132700746612,0.15711550684405465,0.23265530511269927,0.69,0.474
Amherst41,2235,jaccard,4,9095,0.9485758808206455,2414636,0.0037666132700746612,0.16003271606076808,0.23530982486452526,0.65,0.482
Amherst41,2235,preferential_attachment,0,9095,0.7936746473982255,2414636,0.0037666132700746612,0.019388995040593587,0.047608576140736665,0.16,0.079
Amherst41,2235,preferential_attachment,1,9095,0.7896435735309986,2414636,0.0037666132700746612,0.018637867562141457,0.04639912039582188,0.18,0.08366666666666667
Amherst41,2235,preferential_attachment,2,9095,0.7923074468056169,2414636,0.0037666132700746612,0.019133987626115043,0.04947773501924134,0.16,0.08133333333333333
Amherst41,2235,preferential_attachment,3,9095,0.7955648534300302,2414636,0.0037666132700746612,0.01879827331549593,0.04892798240791644,0.11,0.091
Amherst41,2235,preferential_attachment,4,9095,0.7909388136526029,2414636,0.0037666132700746612,0.019476544136735732,0.04980758658603628,0.15,0.093
Amherst41,2235,resource_allocation,0,9095,0.9544060148194444,2414636,0.0037666132700746612,0.16256887858984234,0.24101154480483783,0.63,0.467
Amherst41,2235,resource_allocation,1,9095,0.9533976313187927,2414636,0.0037666132700746612,0.15617644007252143,0.23430456294667398,0.54,0.444
Amherst41,2235,resource_allocation,2,9095,0.9536163778526162,2414636,0.0037666132700746612,0.1582247949936285,0.23221550302363936,0.54,0.452
Amherst41,2235,resource_allocation,3,9095,0.9539242816268689,2414636,0.0037666132700746612,0.15733362429907993,0.23870258383727322,0.56,0.433
Amherst41,2235,resource_allocation,4,9095,0.9527500596144599,2414636,0.0037666132700746612,0.1615765953648214,0.2366135239142386,0.58,0.465
Bowdoin47,2252,adamic_adar,0,8439,0.9452818460990362,2458678,0.003432332334693685,0.1333134722554793,0.20191965872733736,0.68,0.43
Bowdoin47,2252,adamic_adar,1,8439,0.9440302439647564,2458678,0.003432332334693685,0.12965940587694658,0.2018011612750326,0.67,0.394
Bowdoin47,2252,adamic_adar,2,8439,0.9466724956348385,2458678,0.003432332334693685,0.12899928541587596,0.19670577082592725,0.67,0.4
Bowdoin47,2252,adamic_adar,3,8439,0.949488653093141,2458678,0.003432332334693685,0.12814594422824363,0.19575779120748904,0.66,0.406
Bowdoin47,2252,adamic_adar,4,8439,0.9457016421747358,2458678,0.003432332334693685,0.12762879015912576,0.20109017656120393,0.63,0.396
Bowdoin47,2252,common_neighbors,0,8439,0.9413163939406871,2458678,0.003432332334693685,0.1221736892956615,0.194226720601278,0.6922222222222223,0.4172068965517241
Bowdoin47,2252,common_neighbors,1,8439,0.9401024234182307,2458678,0.003432332334693685,0.11871301919769134,0.19408197207714936,0.655,0.38753333333333334
Bowdoin47,2252,common_neighbors,2,8439,0.9428472422930003,2458678,0.003432332334693685,0.117976307177073,0.18863726767073435,0.6723076923076923,0.392
Bowdoin47,2252,common_neighbors,3,8439,0.9456392481198341,2458678,0.003432332334693685,0.1168622622611909,0.18631370658407556,0.6459999999999999,0.4001
Bowdoin47,2252,common_neighbors,4,8439,0.9418859511939619,2458678,0.003432332334693685,0.11646598358036336,0.19080565101183658,0.65,0.3845594405594405
Bowdoin47,2252,jaccard,0,8439,0.9490586487406518,2458678,0.003432332334693685,0.1481444442543819,0.2267251254098037,0.48,0.45275
Bowdoin47,2252,jaccard,1,8439,0.945717228402021,2458678,0.003432332334693685,0.14702165141618334,0.22366932747309567,0.53,0.456
Bowdoin47,2252,jaccard,2,8439,0.9485813872278672,2458678,0.003432332334693685,0.14584775545231748,0.22775654698423983,0.53,0.4405
Bowdoin47,2252,jaccard,3,8439,0.9504418842872588,2458678,0.003432332334693685,0.1462357671239533,0.22391936906689838,0.5,0.468
Bowdoin47,2252,jaccard,4,8439,0.9464329732339122,2458678,0.003432332334693685,0.14389262229881866,0.21996358896465543,0.49,0.4535
Bowdoin47,2252,preferential_attachment,0,8439,0.7751019455108021,2458678,0.003432332334693685,0.017637471865525216,0.052310042000763654,0.19,0.091
Bowdoin47,2252,preferential_attachment,1,8439,0.7797313147849084,2458678,0.003432332334693685,0.017088638186320747,0.044318047161986014,0.2175,0.09616666666666668
Bowdoin47,2252,preferential_attachment,2,8439,0.7813178312435923,2458678,0.003432332334693685,0.01702970226756901,0.04348856499585259,0.27,0.09
Bowdoin47,2252,preferential_attachment,3,8439,0.7882516663467277,2458678,0.003432332334693685,0.018079786630734538,0.04751747837421495,0.26,0.097
Bowdoin47,2252,preferential_attachment,4,8439,0.7796716167260774,2458678,0.003432332334693685,0.01752645148574702,0.04572685020605391,0.2,0.099
Bowdoin47,2252,resource_allocation,0,8439,0.9516441510976053,2458678,0.003432332334693685,0.14974325989351836,0.2297665600189596,0.51,0.443
Bowdoin47,2252,resource_allocation,1,8439,0.9504724038052805,2458678,0.003432332334693685,0.14514524013731425,0.22656712880673066,0.45,0.408
Bowdoin47,2252,resource_allocation,2,8439,0.952470200081242,2458678,0.003432332334693685,0.14473226174441786,0.2195757791207489,0.51,0.409
Bowdoin47,2252,resource_allocation,3,8439,0.9553113727322549,2458678,0.003432332334693685,0.14675574039186357,0.22265671288067307,0.52,0.447
Bowdoin47,2252,resource_allocation,4,8439,0.951351214274524,2458678,0.003432332334693685,0.14530319765445587,0.22135324090532055,0.52,0.413
Hamilton46,2314,adamic_adar,0,9639,0.9430117349395445,2589386,0.0037225040994274317,0.12577873830200312,0.1995020230314348,0.57,0.394
Hamilton46,2314,adamic_adar,1,9639,0.9467360036351612,2589386,0.0037225040994274317,0.12943489665308294,0.2047930283224401,0.62,0.384
Hamilton46,2314,adamic_adar,2,9639,0.945878741501711,2589386,0.0037225040994274317,0.1312320565831661,0.20168067226890757,0.61,0.415
Hamilton46,2314,adamic_adar,3,9639,0.941797198182105,2589386,0.0037225040994274317,0.1304924585213743,0.2047930283224401,0.59,0.408
Hamilton46,2314,adamic_adar,4,9639,0.9437897755191267,2589386,0.0037225040994274317,0.13668180619170592,0.21184770204378048,0.56,0.42
Hamilton46,2314,common_neighbors,0,9639,0.9390451088851581,2589386,0.0037225040994274317,0.1140504836227589,0.19004659512758404,0.5153846153846154,0.37841237113402065
Hamilton46,2314,common_neighbors,1,9639,0.9430162608091732,2589386,0.0037225040994274317,0.11789146199407666,0.19515816662582344,0.6084615384615385,0.36916037735849055
Hamilton46,2314,common_neighbors,2,9639,0.9423710310935209,2589386,0.0037225040994274317,0.1195273185757898,0.1909399925547561,0.5771428571428572,0.39425
Hamilton46,2314,common_neighbors,3,9639,0.9381519088713514,2589386,0.0037225040994274317,0.11913428512503878,0.19337582966762598,0.5928571428571429,0.3959237288135593
Hamilton46,2314,common_neighbors,4,9639,0.9401729383757054,2589386,0.0037225040994274317,0.12449515644871502,0.1991618567037367,0.5471428571428572,0.4091
Hamilton46,2314,jaccard,0,9639,0.9454069908982446,2589386,0.0037225040994274317,0.14940173446884564,0.22429712625791057,0.5969230769230769,0.48414285714285715
Hamilton46,2314,jaccard,1,9639,0.9474167568530949,2589386,0.0037225040994274317,0.14813666081492752,0.2263409067330636,0.6225,0.453
Hamilton46,2314,jaccard,2,9639,0.9481380383994152,2589386,0.0037225040994274317,0.146554905678101,0.22102050696821937,0.56,0.463
Hamilton46,2314,jaccard,3,9639,0.9442631190564932,2589386,0.0037225040994274317,0.14297664813652358,0.217700660511118,0.6,0.447
Hamilton46,2314,jaccard,4,9639,0.9459240809209989,2589386,0.0037225040994274317,0.15085957296462152,0.2239858906525573,0.61,0.478
Hamilton46,2314,preferential_attachment,0,9639,0.7760877879218606,2589386,0.0037225040994274317,0.01636537273094959,0.04489573607220666,0.12,0.067
Hamilton46,2314,preferential_attachment,1,9639,0.7824430990826089,2589386,0.0037225040994274317,0.01719831570045923,0.048241518829754124,0.12,0.073
Hamilton46,2314,preferential_attachment,2,9639,0.7765803650597656,2589386,0.0037225040994274317,0.017188407713252085,0.045578725317287405,0.1,0.079
Hamilton46,2314,preferential_attachment,3,9639,0.7796616319945768,2589386,0.0037225040994274317,0.017404957477877514,0.046514902257199175,0.15,0.101
Hamilton46,2314,preferential_attachment,4,9639,0.7829247678522173,2589386,0.0037225040994274317,0.017805359098944245,0.046996576408341116,0.07,0.089
Hamilton46,2314,resource_allocation,0,9639,0.9498325164542267,2589386,0.0037225040994274317,0.14983515406106324,0.2304180931631912,0.66,0.435
Hamilton46,2314,resource_allocation,1,9639,0.9531992360676484,2589386,0.0037225040994274317,0.15049357113688333,0.23176678078638863,0.63,0.432
Hamilton46,2314,resource_allocation,2,9639,0.9516568670557063,2589386,0.0037225040994274317,0.15114624119769637,0.22533457827575476,0.66,0.448
Hamilton46,2314,resource_allocation,3,9639,0.9483672648165751,2589386,0.0037225040994274317,0.15143410708130087,0.23249299719887956,0.64,0.427
Hamilton46,2314,resource_allocation,4,9639,0.9501193844761338,2589386,0.0037225040994274317,0.15833902877612555,0.23560535325241208,0.69,0.444
Trinity100,2613,adamic_adar,0,11200,0.9472385403380101,3311782,0.0033818651106866334,0.15725475614080084,0.226875,0.75,0.557
Trinity100,2613,adamic_adar,1,11200,0.9513324697066327,3311782,0.0033818651106866334,0.15578357396150574,0.22875,0.75,0.527
Trinity100,2613,adamic_adar,2,11200,0.9496220942283164,3311782,0.0033818651106866334,0.15507758358725726,0.22732142857142856,0.74,0.544
Trinity100,2613,adamic_adar,3,11200,0.9465455397002551,3311782,0.0033818651106866334,0.15467803936963626,0.22473214285714285,0.73,0.526
Trinity100,2613,adamic_adar,4,11200,0.9492552654655613,3311782,0.0033818651106866334,0.15609263253283215,0.22526785714285713,0.73,0.533
Trinity100,2613,common_neighbors,0,11200,0.9442475884885204,3311782,0.0033818651106866334,0.14745781182757042,0.21927304702872885,0.7828571428571429,0.5520333333333333
Trinity100,2613,common_neighbors,1,11200,0.9483742267219388,3311782,0.0033818651106866334,0.14623178673358916,0.2207328190743338,0.779,0.5236991150442478
Trinity100,2613,common_neighbors,2,11200,0.946840182557398,3311782,0.0033818651106866334,0.14602574468341953,0.22130771274026853,0.7581818181818182,0.5313913043478261
Trinity100,2613,common_neighbors,3,11200,0.94368828125,3311782,0.0033818651106866334,0.14454768723799663,0.21688429802955667,0.7472727272727273,0.5201775700934579
Trinity100,2613,common_neighbors,4,11200,0.9463288624043367,3311782,0.0033818651106866334,0.14639905030282205,0.2187016590930607,0.7484615384615384,0.5254800000000001
Trinity100,2613,jaccard,0,11200,0.9493566525829082,3311782,0.0033818651106866334,0.1609316470645193,0.23486607142857144,0.74,0.511
Trinity100,2613,jaccard,1,11200,0.9538492825255102,3311782,0.0033818651106866334,0.157409404072258,0.23294642857142858,0.69,0.4876666666666667
Trinity100,2613,jaccard,2,11200,0.9525010881696427,3311782,0.0033818651106866334,0.15559181496247534,0.23290781853281853,0.7333333333333333,0.485
Trinity100,2613,jaccard,3,11200,0.9484464644451531,3311782,0.0033818651106866334,0.15708344775005798,0.2300535714285714,0.75,0.4993333333333333
Trinity100,2613,jaccard,4,11200,0.9511314333545919,3311782,0.0033818651106866334,0.15707154051025185,0.23186487481590576,0.74,0.494
Trinity100,2613,preferential_attachment,0,11200,0.7762813456632653,3311782,0.0033818651106866334,0.013640910680128925,0.036279761904761905,0.05,0.048
Trinity100,2613,preferential_attachment,1,11200,0.7780820232780612,3311782,0.0033818651106866334,0.013764380690340364,0.035053571428571434,0.05,0.053
Trinity100,2613,preferential_attachment,2,11200,0.7763611367984695,3311782,0.0033818651106866334,0.013612918532056891,0.033788819875776394,0.05,0.049
Trinity100,2613,preferential_attachment,3,11200,0.7765683115433673,3311782,0.0033818651106866334,0.013661702770808509,0.03455357142857143,0.06,0.051
Trinity100,2613,preferential_attachment,4,11200,0.7762749043367347,3311782,0.0033818651106866334,0.013764162817357595,0.03553571428571429,0.03,0.055
Trinity100,2613,resource_allocation,0,11200,0.9527240074936223,3311782,0.0033818651106866334,0.16112878320923651,0.24026785714285714,0.56,0.469
Trinity100,2613,resource_allocation,1,11200,0.9563140385841836,3311782,0.0033818651106866334,0.15981306192830666,0.23830357142857142,0.57,0.469
Trinity100,2613,resource_allocation,2,11200,0.9543632134885205,3311782,0.0033818651106866334,0.15730600526124486,0.2375,0.55,0.473
Trinity100,2613,resource_allocation,3,11200,0.9514109095982143,3311782,0.0033818651106866334,0.16081300886020788,0.241875,0.63,0.492
Trinity100,2613,resource_allocation,4,11200,0.9545648875956632,3311782,0.0033818651106866334,0.160332834448201,0.23785714285714285,0.57,0.485
USFCA72,2682,adamic_adar,0,6525,0.9481241672905564,3536494,0.0018450476658521122,0.11818105080181922,0.18498084291187739,0.69,0.386
USFCA72,2682,adamic_adar,1,6525,0.950569193053537,3536494,0.0018450476658521122,0.12516618523924866,0.1946360153256705,0.74,0.417
USFCA72,2682,adamic_adar,2,6525,0.9509995214397908,3536494,0.0018450476658521122,0.12054221016457115,0.18942528735632183,0.71,0.389
USFCA72,2682,adamic_adar,3,6525,0.9495969348659004,3536494,0.0018450476658521122,0.12441151217859718,0.19448275862068964,0.71,0.407
USFCA72,2682,adamic_adar,4,6525,0.9474071138121873,3536494,0.0018450476658521122,0.11705402616690458,0.18666666666666668,0.61,0.391
USFCA72,2682,common_neighbors,0,6525,0.9434947226259155,3536494,0.0018450476658521122,0.10255417208335176,0.17184815948232043,0.6616666666666667,0.36521818181818183
USFCA72,2682,common_neighbors,1,6525,0.9459934763142055,3536494,0.0018450476658521122,0.10878283081711511,0.1794094372629824,0.7011111111111111,0.39401388888888894
USFCA72,2682,common_neighbors,2,6525,0.946616180032589,3536494,0.0018450476658521122,0.1049003424080558,0.17648505314197893,0.6933333333333332,0.3627153284671533
USFCA72,2682,common_neighbors,3,6525,0.9454674476299526,3536494,0.0018450476658521122,0.10807689752182736,0.1813741191419794,0.67,0.38034567901234567
USFCA72,2682,common_neighbors,4,6525,0.9427707520441568,3536494,0.0018450476658521122,0.10216774119422115,0.17338532349233896,0.586,0.3697244094488189
USFCA72,2682,jaccard,0,6525,0.9472200466816398,3536494,0.0018450476658521122,0.1325271498146869,0.21517241379310345,0.5654545454545454,0.429
USFCA72,2682,jaccard,1,6525,0.9492454896434286,3536494,0.0018450476658521122,0.1344497332802166,0.22436781609195403,0.4695238095238095,0.431
USFCA72,2682,jaccard,2,6525,0.9502621159407523,3536494,0.0018450476658521122,0.13520535834463202,0.22394136265200731,0.5328571428571428,0.425
USFCA72,2682,jaccard,3,6525,0.9478522628851602,3536494,0.0018450476658521122,0.13934622173255465,0.2300383141762452,0.4569565217391305,0.4368
USFCA72,2682,jaccard,4,6525,0.9455294079652383,3536494,0.0018450476658521122,0.1342747960558351,0.22283335698405943,0.5332142857142856,0.4352142857142857
USFCA72,2682,preferential_attachment,0,6525,0.8135439820319725,3536494,0.0018450476658521122,0.013231297205741788,0.04306513409961686,0.135,0.07
USFCA72,2682,preferential_attachment,1,6525,0.8168235463366657,3536494,0.0018450476658521122,0.013747662037908562,0.04163473818646233,0.11,0.073
USFCA72,2682,preferential_attachment,2,6525,0.8175314513879713,3536494,0.0018450476658521122,0.013407679802645834,0.0389272030651341,0.17,0.065
USFCA72,2682,preferential_attachment,3,6525,0.8193126113826867,3536494,0.0018450476658521122,0.013496203005664089,0.04045977011494253,0.11,0.065
USFCA72,2682,preferential_attachment,4,6525,0.8110270371838347,3536494,0.0018450476658521122,0.012786626019602955,0.04,0.09,0.072
USFCA72,2682,resource_allocation,0,6525,0.9522264441214895,3536494,0.0018450476658521122,0.14482600741990587,0.22053639846743295,0.64,0.423
USFCA72,2682,resource_allocation,1,6525,0.9545446719807401,3536494,0.0018450476658521122,0.1500135367529003,0.22697318007662834,0.72,0.451
USFCA72,2682,resource_allocation,2,6525,0.9545090412648081,3536494,0.0018450476658521122,0.14686358711085218,0.2246743295019157,0.66,0.436
USFCA72,2682,resource_allocation,3,6525,0.9533292230002497,3536494,0.0018450476658521122,0.15282298655860724,0.2324904214559387,0.7,0.447
USFCA72,2682,resource_allocation,4,6525,0.9517982061332042,3536494,0.0018450476658521122,0.14149283567785934,0.2231417624521073,0.61,0.42
