school,nodes,edges,mean_degree,median_degree,density,transitivity,avg_clustering,degree_assortativity,giant_component_share
Caltech36,769,16656,43.3185955786736,36.0,0.05640442132639792,0.2912826901150874,0.4092943904851723,-0.06527295119482618,0.9908972691807543
Reed98,962,18812,39.11018711018711,29.0,0.04069738513026754,0.2207062180910163,0.31836022727227925,0.023433911766300768,1.0
Haverford76,1446,59589,82.41908713692946,70.0,0.05703743054458786,0.25054639673450885,0.3229582156709487,0.06749211773411307,1.0
Simmons81,1518,32988,43.462450592885375,37.0,0.028650264069139997,0.21239778834732556,0.31493753318025075,-0.061966981008914956,0.994729907773386
Swarthmore42,1659,61050,73.5985533453888,59.0,0.04438995979818383,0.22670708521336908,0.2965390923937473,0.06096713581228899,0.9987944544906571
Amherst41,2235,90954,81.39060402684564,70.0,0.036432678615418816,0.23313723409750206,0.31038565883277547,0.058428389172126435,1.0
Bowdoin47,2252,84387,74.94404973357015,65.0,0.03329366936187035,0.21633565040151587,0.2887191057019501,0.056204574545372116,0.9991119005328597
Hamilton46,2314,96394,83.31374243733794,72.0,0.03601977623750019,0.21920763832696583,0.2980612189767873,0.030593670854008097,0.9991356957649092
Trinity100,2613,111996,85.72215843857634,76.0,0.03281859052012877,0.2279578884641458,0.2903246960045111,0.07190565373550688,1.0
USFCA72,2682,65252,48.65920954511559,37.5,0.01814964921488832,0.1906784356105168,0.2670033868813378,0.09189482945827206,0.9962714392244594
Williams40,2790,112986,80.99354838709678,70.0,0.02904035438762882,0.20747713610341884,0.2913124219958907,0.04036915537628097,0.9992831541218637
Oberlin44,2920,89912,61.583561643835615,50.0,0.021097486003369515,0.1738222502489878,0.2633980385970493,0.05008017692087808,1.0
Smith60,2970,97133,65.40942760942761,56.0,0.02203079407525349,0.19312331282375544,0.2834504042192345,0.043617207849999215,1.0
Wellesley22,2970,94899,63.905050505050504,52.0,0.0215240991933481,0.17273260071731353,0.26417313573273205,0.06425328627689754,1.0
Vassar85,3068,119161,77.67992177314211,66.5,0.02532765626773463,0.17658277031368627,0.2460500057751738,0.10078144349335286,1.0
Middlebury45,3075,124610,81.04715447154472,71.0,0.02636537230694363,0.2108422246704818,0.2816293924364283,0.07848305830139368,0.9980487804878049
Pepperdine86,3445,152007,88.24789550072569,71.0,0.025623663037376797,0.20642252758985508,0.2774445445456963,0.05550950018031999,0.9985486211901307
Colgate88,3482,155043,89.05399195864446,78.0,0.025582876173123947,0.2066575313703497,0.2672565827594089,0.06700088251650535,1.0
Santa74,3578,151747,84.82224706539967,69.0,0.023713236529326158,0.2022370202347252,0.2629665077993378,0.07063364105479585,1.0
Wesleyan43,3593,138035,76.83551349846924,64.0,0.021390733156589434,0.1948908680307616,0.2606824243269916,0.09508340407082329,0.9994433620929585
Mich67,3748,81903,43.704909284951974,30.0,0.011663973654911121,0.1938098665816655,0.28158824381508046,0.14173703337749685,0.9991995731056563
Bucknell39,3826,158864,83.04443282801881,72.0,0.021710962830854594,0.2018114315554055,0.278459710180081,0.0945074024693477,0.9994772608468374
Brandeis99,3898,137567,70.58337609030272,56.0,0.018112234049346348,0.16406790698183712,0.2621034275873383,-0.025515330213873425,0.9971780400205233
Howard90,4047,204850,101.2354830738819,79.0,0.025021127798784452,0.17308017711772083,0.2283901272846112,0.05788251760170702,1.0
Rice31,4087,184828,90.44678248103743,73.0,0.0221357764270772,0.20318289504789275,0.2941884170333135,0.06486169828955768,0.9990212870075851
Rochester38,4563,161404,70.74468551391628,58.0,0.01550738393553623,0.19846791591070692,0.29322029322593224,0.024955793804522806,0.9995616918693842
Lehigh96,5075,198347,78.16630541871922,64.0,0.015405263188553254,0.189742534852175,0.266447382702043,0.03514352338363737,0.9996059113300493
Johns Hopkins55,5180,186586,72.04092664092664,54.0,0.013910200162372396,0.19316123901594015,0.2683930737129351,0.07980496716494234,0.9955598455598456
Wake73,5372,279191,103.94303797468355,85.0,0.019352641589030637,0.20390713432006966,0.27583427078840134,0.07093900243305308,0.9988830975428146
American75,6386,217662,68.16849357970561,53.0,0.01067634981671192,0.16354459255048673,0.24017905791113636,0.06602249890210414,0.9974945192608832
MIT8,6440,251252,78.02857142857142,56.0,0.012118119495041378,0.18028845093502427,0.271218741950132,0.12005101145668702,0.9940993788819876
William77,6472,266378,82.31705809641532,66.0,0.012720917647413897,0.16796362833136977,0.2536135569835704,0.051601447492193774,1.0
UChicago30,6591,208103,63.14762554999241,48.0,0.009582340751136937,0.15455580910435138,0.2518550284696924,0.01800199536713882,0.9954483386436049
Princeton12,6596,293320,88.93875075803517,70.0,0.013485784800308593,0.1638853923218965,0.2369022327264066,0.0910921235679739,0.9968162522741055
Carnegie49,6637,249967,75.32529757420521,54.0,0.011351009278813324,0.18525624547830086,0.27809982514819037,0.12250686164779971,0.9975892722615639
Tufts18,6682,249728,74.74648308889554,59.0,0.011187918438691146,0.16211857172969804,0.2290848322523413,0.11803149414453536,0.9985034420832086
UC64,6833,155332,45.46524220693692,31.0,0.006654748566589128,0.19065309909128464,0.2702577967799635,0.12548976296410624,0.9966339821454705
Vermont70,7324,191221,52.21764063353359,40.0,0.007130635072174462,0.1524644106108126,0.2293602837434151,0.07720492514508007,0.9997269251774986
Emory27,7460,330014,88.47560321715818,73.0,0.011861590456784848,0.1888180885464645,0.2558503984198027,0.06632780311277749,0.9985254691689008
Dartmouth6,7694,304076,79.04237067845074,62.0,0.010274583475685784,0.15103689836147888,0.24306174632351144,0.04438445305323885,0.9977904860930595
Tulane29,7752,283918,73.25025799793602,56.0,0.009450426783374535,0.19019797614377262,0.2549244804645287,0.09760059754166937,0.9984520123839009
WashU32,7755,367541,94.78813668600903,76.0,0.012224417937323836,0.17193715399654425,0.2612881686246508,0.040456403948065565,0.996776273372018
Villanova62,7772,314989,81.0573854863613,66.0,0.010430753504872126,0.1656552720024222,0.23500892847761223,0.06126868807106506,0.9978126608337622
Vanderbilt48,8069,427832,106.04337588300905,88.0,0.013143700530863788,0.18173304389389083,0.2498635248485245,0.037832653693487844,0.9992564134341306
Yale4,8578,405450,94.53252506411751,75.0,0.01102163053096858,0.1510821656882606,0.23454834921930456,0.018630368851041062,0.998018186057356
Brown11,8600,384526,89.4246511627907,73.0,0.010399424486892742,0.14496810415667433,0.2173821879778121,0.06938877121976977,0.9983720930232558
UCSC68,8991,224584,49.95751306862418,39.0,0.005557009240113924,0.17220298517766958,0.2369804059171718,0.1323785514147951,0.9986653319986654
Maine59,9069,243247,53.64362112691587,42.0,0.005915705902835892,0.14533280241507954,0.23889460328549625,0.07315552322160708,0.9995589370382623
Georgetown15,9414,425638,90.42659868281284,74.0,0.009606565248360016,0.14854507132162212,0.22495786097715,0.07542026374100451,0.9972381559379647
Duke14,9895,506442,102.36321374431532,82.0,0.0103459888563084,0.16592295340149835,0.24529383407438554,0.06667336653755823,0.998989388580091
Bingham82,10004,362894,72.54978008796482,57.0,0.007252802168146038,0.15982455013508715,0.22288947308458934,0.13736406472256454,0.9997001199520192
Mississippi66,10521,610911,116.13173652694611,84.0,0.01103913845313176,0.18216679556728993,0.24791598942556314,0.15067257618887245,0.9998099040015208
Northwestern25,10567,488337,92.42680041639065,74.0,0.008747567709293077,0.16025919116439757,0.2379913948280597,0.03444129080710901,0.9971609728399735
Cal65,11247,351358,62.48030585934027,48.0,0.005555780353844946,0.16191868774112328,0.22748034353285776,0.19161218892182097,0.9996443496043389
BC17,11509,486967,84.62368581110435,68.0,0.00735346592032537,0.1442935279396385,0.2097710307663045,0.07603316135214651,0.9990442262577114
Stanford3,11621,568330,97.81085965063248,72.0,0.00841745780125925,0.15743641281412674,0.24137046302196152,0.10202555590066137,0.9969882109973324
Columbia2,11770,444333,75.50263381478335,56.0,0.006415382259731783,0.12949826713847265,0.23032248302123845,-0.002178155110565253,0.9945624468988955
Notre Dame57,12155,541339,89.07264500205676,73.0,0.007328669162584891,0.12643301953197134,0.20881580686926213,0.047713151929626094,0.9995063759769642
GWU54,12193,469528,77.01599278274419,60.0,0.006316928541891749,0.13869903258374103,0.21727237945542835,0.025287319007801352,0.9976215861559912
Baylor93,12803,679817,106.19651644145904,79.0,0.008295306705316282,0.1553837869105075,0.21016134823069213,0.07872980389929457,0.9996875732250254
USF51,13377,321214,48.02481871869627,29.0,0.0035903722128211926,0.1525019315737198,0.23234894745770354,0.14642411650579487,0.9992524482320401
Syracuse56,13653,543982,79.68680875997948,62.0,0.00583700620861262,0.17054625144471816,0.23571061155035158,0.06454879873813225,0.999047828316121
Temple83,13686,360795,52.72468215694871,35.0,0.00385273526904996,0.1268478560060445,0.21325202623829215,0.030284112738160035,0.9975887768522578
UC61,13746,442174,64.33493379892332,44.0,0.004680606314945312,0.1774758137951912,0.26219958207549676,0.19689194617654693,0.9992725156409137
Northeastern19,13882,381934,55.02578879124046,42.0,0.00396410840654423,0.12819607619662382,0.20114879208502479,0.06817059301790575,0.9989914997838928
JMU79,14070,485564,69.02117981520966,56.0,0.0049059051684703725,0.1306911104338615,0.20179613099503996,0.002951501048267833,1.0
UPenn7,14916,686501,92.04894073478144,73.0,0.006171568269177435,0.1429376730648537,0.2136736283808412,0.09254132987479491,0.9981228211316707
UCSB37,14935,482224,64.57636424506194,48.0,0.0043241170647557205,0.15702659827975204,0.22072401547717121,0.1830925571215028,0.9987947773685972
UCF52,14940,428989,57.42824631860776,35.0,0.0038441827644827473,0.15649439277361474,0.23260074154083532,-0.0077068408181828335,0.9997322623828648
UCSD34,14948,443221,59.3017126036928,43.0,0.003967465886378056,0.15027252699633983,0.22673878626830596,0.03435541158791414,0.9991972170189992
Harvard1,15126,824617,109.0330556657411,77.0,0.007208797068809329,0.13561566833605201,0.21233388858777139,0.14505488767109853,0.9973555467407114
MU78,15436,649449,84.14731795802021,67.0,0.005451721280079055,0.15175297128989754,0.2142082432826931,0.1584601886476691,0.999287380150298
UMass92,16516,519385,62.89476870913054,51.0,0.0038083420350669417,0.12323913175351436,0.20907379330228923,-0.0013735847494946594,0.9991523371276338
UC33,16808,522147,62.13077106139934,45.0,0.0036967198822752028,0.1491975082549546,0.228585983460223,0.09392939417783151,0.9995240361732508
Tennessee95,16979,770659,90.77790211437659,63.0,0.0053467959779936736,0.13866015566532053,0.23514578487983143,0.0005228069467346088,0.999882207432711
UVA16,17196,789321,91.80286113049546,70.0,0.005338927660976764,0.13495682080885485,0.210452460764085,0.025502148797067734,0.9989532449406838
UConn91,17212,604870,70.28468510341622,55.0,0.004083707228134113,0.13235580089399293,0.20187050252252434,0.08862091474478155,0.9996514059958169
Oklahoma97,17425,892528,102.4422381635581,68.0,0.005879375468523767,0.15867786460341335,0.22978713645771706,0.0736732579392128,0.999713055954089
USC35,17444,801853,91.93453336390736,68.0,0.005270568902362401,0.1441217138254079,0.21438255970549266,0.0055060894873379135,0.9997706947947719
UNC28,18163,766800,84.43539062930132,62.0,0.004649013909773226,0.11559293188523372,0.20208490747901167,6.828145736432002e-05,0.999724715080108
Auburn71,18448,973918,105.58521248915872,76.0,0.005723706428641986,0.1367100573178066,0.2227529832914979,0.0010457492217919963,1.0
Cornell5,18660,790777,84.75637727759914,64.0,0.004542385834053226,0.13561528827009456,0.21905095283303203,0.018050046886142777,0.9979099678456592
BU10,19700,637528,64.72365482233502,51.0,0.0032856314951182812,0.12083384897613211,0.19045201455377225,0.04536583829567461,0.9982741116751269
UCLA26,20467,747613,73.05545512288073,52.0,0.003569601051640806,0.14313490388274408,0.21489390521928478,0.13606654071586202,0.9993159720525724
Maryland58,20871,744862,71.37770111638159,53.0,0.0034201102595295438,0.12932339013712785,0.20749262221874565,0.0014223562911622539,0.9979876383498635
Virginia63,21325,698178,65.4797655334115,47.0,0.0030707074438853636,0.10511018615049074,0.2193474323114469,-0.01607402577037287,0.9997186400937866
NYU9,21679,715715,66.02841459476913,50.0,0.0030458720636022296,0.107627334802009,0.1940392135638111,0.0106438599493529,0.9974168550209881
Berkeley13,22937,852444,74.32916248855561,54.0,0.003240720373585438,0.11381994864532341,0.2069896410600708,0.010313459088874157,0.9983868858176745
Wisconsin87,23842,835952,70.12431842966194,54.0,0.0029413329319098167,0.12013371187540531,0.21025276643387514,-0.003539731627737511,0.9995386293096217
UGA50,24389,1174057,96.277584156792,73.0,0.003947744142889618,0.1443462356423089,0.21073272488011913,0.08963118175600102,0.9996309811800402
Rutgers89,24580,784602,63.8406834825061,47.0,0.0025973669995730544,0.13859353356056206,0.22119699256925185,0.07571150473377776,0.9995117982099267
FSU53,27737,1034802,74.6152792299095,52.0,0.002690196107222004,0.1533183839731059,0.2170910979865952,0.09936155410736991,0.9997836824458305
Indiana69,29747,1305765,87.79137392005917,67.0,0.002951367374438888,0.1350057027940485,0.20456714412085011,0.13293426270175288,0.9994957474703331
Michigan23,30147,1176516,78.05194546721067,57.0,0.0025891310776623984,0.13260920607037446,0.20983577191254904,0.11500151586718721,0.9986399973463362
UIllinois20,30809,1264428,82.081729364796,62.0,0.0026642991873797716,0.14050051298900174,0.21472185822346193,0.02785293647044474,0.9995455873283781
Texas80,31560,1219650,77.29087452471482,54.0,0.0024490913693309305,0.15309019363133033,0.21662901144733773,0.1638924128140446,0.9993029150823828
MSU24,32375,1118774,69.11345173745174,51.0,0.0021348443731837815,0.12205977241231478,0.2041531678062662,0.009047464957528473,0.9995675675675676
UF21,35123,1465660,83.45870227486263,59.0,0.0023762514171989813,0.12051117340118365,0.22107836634292358,-0.009647878005892929,0.999658343535575
Texas84,36371,1590655,87.468312666685,61.0,0.0024049577307309594,0.0998899870406782,0.19369013020582185,-0.0015042037073017549,0.999807538973358
Penn94,41554,1362229,65.56427780719065,48.0,0.00157784703408155,0.09821499504811905,0.21174455587911128,-0.0013267112406897528,0.9995668287048178
